id,brand,name,price,price_sign,currency,image_link,product_link,website_link,description,rating,category,product_type,tag_list,created_at,updated_at,product_api_url,api_featured_image,product_colors
752,clinique,Clinique Pop&trade; Lip Shadow Cushion Matte Lip Powder,19.5,$,USD,https://www.clinique.com/media/export/cms/products/181x209/clq_ZXH101_181x209.png,https://www.clinique.com/product/1605/45673/makeup/lipsticks/clinique-pop-lip-shadow-cushion-matte-lip-powder,https://www.clinique.com,"Clinique Pop™ Lip Shadow is a weightless matte powder that delivers bold, highly pigmented lip color.",,lipstick,lipstick,[],2017-12-23T16:36:47.459Z,2017-12-23T23:38:45.437Z,http://makeup-api.herokuapp.com/api/v1/products/752.json,//s3.amazonaws.com/donovanbailey/products/api_featured_images/000/000/752/original/data?1514072325,"[{'hex_value': '#BB5974', 'colour_name': 'Blossom Pop'}, {'hex_value': '#9F6469', 'colour_name': 'Dune Pop'}, {'hex_value': '#C91C67', 'colour_name': 'Fuchsia Pop'}, {'hex_value': '#A82F5B', 'colour_name': 'Fiesta Pop'}, {'hex_value': '#C02840', 'colour_name': 'Crimson Pop'}, {'hex_value': '#C6243C', 'colour_name': 'Bright Pop'}, {'hex_value': '#83403C', 'colour_name': 'Brown Sugar Pop'}, {'hex_value': '#713547', 'colour_name': 'Fun Pop'}]"
753,clinique,Clinique Pop&trade; Lip Colour + Primer,18.5,$,USD,https://www.clinique.com/media/export/cms/products/181x209/clq_ZEK2_181x209.png,https://www.clinique.com/product/1605/35082/makeup/lipsticks/clinique-pop-lip-colour-primer,https://www.clinique.com,"Luxurious yet weightless formula merges bold, saturated colour with a smoothing primer. Glides on effortlessly to a modern-velvet finish. Colour stays true, keeps lips comfortably moisturized for 8 hours. Allergy Tested. 100% Fragrance Free.",,lipstick,lipstick,[],2017-12-23T16:36:48.276Z,2017-12-23T23:38:46.398Z,http://makeup-api.herokuapp.com/api/v1/products/753.json,//s3.amazonaws.com/donovanbailey/products/api_featured_images/000/000/753/original/data?1514072326,"[{'hex_value': '#d3796e', 'colour_name': 'Nude Pop'}, {'hex_value': '#f37e91', 'colour_name': 'Fab Pop'}, {'hex_value': '#e08e7f', 'colour_name': 'Beige Pop'}, {'hex_value': '#f47b74', 'colour_name': 'Melon Pop'}, {'hex_value': '#b75c54', 'colour_name': 'Bare Pop'}, {'hex_value': '#eb6b8a', 'colour_name': 'Sweet Pop'}, {'hex_value': '#ef5498', 'colour_name': 'Wow Pop'}, {'hex_value': '#974b6a', 'colour_name': 'Grape Pop'}, {'hex_value': '#eb4944', 'colour_name': 'Poppy Pop'}, {'hex_value': '#b45865', 'colour_name': 'Plum Pop'}, {'hex_value': '#cb254c', 'colour_name': 'Punch Pop'}, {'hex_value': '#b90e26', 'colour_name': 'Cherry Pop'}, {'hex_value': '#8d3949', 'colour_name': 'Love Pop'}, {'hex_value': '#750d15', 'colour_name': 'Passion Pop'}, {'hex_value': '#641126', 'colour_name': 'Berry Pop'}, {'hex_value': '#5a1e1b', 'colour_name': 'Cola Pop'}]"
754,clinique,Clinique Pop™ Matte Lip Colour + Primer,18.5,$,USD,https://www.clinique.com/media/export/cms/products/181x209/clq_ZTPH01_181x209.png,https://www.clinique.com/product/1605/42767/makeup/lipsticks/clinique-poptm-matte-lip-colour-primer,https://www.clinique.com,"Weightless yet pigment-saturated formula hugs lips with 8 hours of creamy matte comfort. Built-in primer helps smooth lips for an easy, even glide every time.",,lipstick,lipstick,[],2017-12-23T16:36:49.019Z,2017-12-23T23:38:51.741Z,http://makeup-api.herokuapp.com/api/v1/products/754.json,//s3.amazonaws.com/donovanbailey/products/api_featured_images/000/000/754/original/data?1514072331,"[{'hex_value': '#4a1323', 'colour_name': 'Bold Pop'}, {'hex_value': '#a8100b', 'colour_name': 'Ruby Pop'}, {'hex_value': '#961741', 'colour_name': 'Rose Pop'}, {'hex_value': '#7f2d55', 'colour_name': 'Pow Pop'}, {'hex_value': '#cc0d49', 'colour_name': 'Graffiti Pop'}, {'hex_value': '#592a26', 'colour_name': 'Clove Pop'}, {'hex_value': '#a80028', 'colour_name': 'Peppermint Pop'}, {'hex_value': '#a54b60', 'colour_name': 'Cute Pop'}, {'hex_value': '#af1a58', 'colour_name': 'Shock Pop'}, {'hex_value': '#d3313f', 'colour_name': 'Coral Pop'}, {'hex_value': '#de387d', 'colour_name': 'Mod Pop'}, {'hex_value': '#900925', 'colour_name': 'Icon Pop'}, {'hex_value': '#dc7587', 'colour_name': 'Peony Pop'}, {'hex_value': '#9f5859', 'colour_name': 'Blushing Pop'}, {'hex_value': '#301018', 'colour_name': 'Avant Garde Pop'}, {'hex_value': '#8e4546', 'colour_name': 'Beach Pop'}]"
755,clinique,Chubby Stick&trade; Moisturizing Lip Colour Balm,17.5,$,USD,https://www.clinique.com/media/export/cms/products/181x209/clq_749K01_181x209.png,https://www.clinique.com/product/1605/15520/makeup/lipsticks/chubby-stick-moisturizing-lip-colour-balm,https://www.clinique.com,"Super-nourishing balm is loaded with mango and shea butters. Just what dry, delicate lips need to feel comfortably soft and smooth. Natural-looking lip tints have a subtle sheen.",,lipstick,lipstick,[],2017-12-23T16:36:50.153Z,2017-12-23T23:38:46.729Z,http://makeup-api.herokuapp.com/api/v1/products/755.json,//s3.amazonaws.com/donovanbailey/products/api_featured_images/000/000/755/original/data?1514072326,"[{'hex_value': '#b1515d', 'colour_name': 'Super Strawberry'}, {'hex_value': '#b76f69', 'colour_name': 'Heaping Hazelnut'}, {'hex_value': '#954b57', 'colour_name': 'Graped-Up'}, {'hex_value': '#af6262', 'colour_name': 'Whole Lotta Honey'}, {'hex_value': '#9b4344', 'colour_name': 'Fuller Fig'}, {'hex_value': '#853f36', 'colour_name': 'Richer Raisin'}, {'hex_value': '#ce1f1d', 'colour_name': 'Two Ton Tomato'}, {'hex_value': '#c45a5b', 'colour_name': 'Mega Melon'}, {'hex_value': '#f66366', 'colour_name': 'Oversized Orange'}, {'hex_value': '#c04156', 'colour_name': 'Chunky Cherry'}, {'hex_value': '#b11f60', 'colour_name': 'Pudgy Peony'}, {'hex_value': '#e17587', 'colour_name': ""Woppin' Watermelon""}, {'hex_value': '#984d50', 'colour_name': 'Bountiful Blush'}, {'hex_value': '#e76477', 'colour_name': 'Curvy Candy'}, {'hex_value': '#e3727c', 'colour_name': 'Mighty Mimosa'}, {'hex_value': '#8f3851', 'colour_name': 'Voluptuous Violet'}, {'hex_value': '#f7659e', 'colour_name': 'Plumped Up Pink'}, {'hex_value': '#f09495', 'colour_name': 'Supreme Sorbet'}, {'hex_value': '#a7354b', 'colour_name': 'Jumbo Jasmine'}]"
756,clinique,Clinique Pop Glaze&trade; Sheer Lip Colour + Primer,18.5,$,USD,https://www.clinique.com/media/export/cms/products/181x209/clq_ZLPR02_181x209.png,https://www.clinique.com/product/1605/39138/makeup/lipsticks/clinique-pop-glaze-sheer-lip-colour-primer,https://www.clinique.com,,,lipstick,lipstick,[],2017-12-23T16:36:51.913Z,2017-12-23T23:38:47.271Z,http://makeup-api.herokuapp.com/api/v1/products/756.json,//s3.amazonaws.com/donovanbailey/products/api_featured_images/000/000/756/original/data?1514072327,"[{'hex_value': '#f276a2', 'colour_name': 'Bubblegum Pop'}, {'hex_value': '#c05c67', 'colour_name': 'Sugar Plum Pop'}, {'hex_value': '#cc376a', 'colour_name': 'Sprinkle Pop'}, {'hex_value': '#c12838', 'colour_name': 'Fireball Pop'}, {'hex_value': '#f45c5f', 'colour_name': 'Melon Drop Pop'}, {'hex_value': '#731e3b', 'colour_name': 'Licorice Pop'}]"
757,clinique,Clinique Pop™ Lacquer Lip Colour + Primer  ,18.5,$,USD,https://www.clinique.com/media/export/cms/products/181x209/clq_ZLPR_181x209.png,https://www.clinique.com/product/1605/39139/makeup/lipsticks/clinique-poptm-lacquer-lip-colour-primer,https://www.clinique.com,,,lipstick,lipstick,[],2017-12-23T16:36:52.785Z,2017-12-23T23:38:47.732Z,http://makeup-api.herokuapp.com/api/v1/products/757.json,//s3.amazonaws.com/donovanbailey/products/api_featured_images/000/000/757/original/data?1514072327,"[{'hex_value': '#d88282', 'colour_name': 'Nude Pop'}, {'hex_value': '#d7142e', 'colour_name': 'Lava Pop'}, {'hex_value': '#cc6674', 'colour_name': 'Sugar Pop'}, {'hex_value': '#a65957', 'colour_name': 'Cocoa Pop'}, {'hex_value': '#ff1e5a', 'colour_name': 'Sweetie Pop'}, {'hex_value': '#6a1144', 'colour_name': 'Peace Pop'}, {'hex_value': '#ec878d', 'colour_name': 'Wink Pop'}, {'hex_value': '#ef005f', 'colour_name': 'Go-Go Pop'}, {'hex_value': '#924257', 'colour_name': 'Love Pop'}, {'hex_value': '#ff3d3c', 'colour_name': 'Happy Pop'}]"
758,clinique,Different Lipstick,17.5,$,USD,https://www.clinique.com/media/export/cms/products/181x209/clq_617G_181x209.png,https://www.clinique.com/product/1605/5887/makeup/lipsticks/different-lipstick,https://www.clinique.com,"Different because of its smooth, comfortable feel. Moderate coverage in a remarkable range of shades, from cream to pearl. Every one packed with rich emollients.",,lipstick,lipstick,[],2017-12-23T16:36:53.475Z,2017-12-23T23:38:48.027Z,http://makeup-api.herokuapp.com/api/v1/products/758.json,//s3.amazonaws.com/donovanbailey/products/api_featured_images/000/000/758/original/data?1514072327,"[{'hex_value': '#8c3050', 'colour_name': 'A Different Grape'}, {'hex_value': '#e26872', 'colour_name': 'Sugared Grapefruit'}, {'hex_value': '#b96565', 'colour_name': 'Think Bronze'}, {'hex_value': '#B76E74', 'colour_name': 'Guava Stain'}, {'hex_value': '#DC555E', 'colour_name': 'Sweet Honey'}, {'hex_value': '#9f3245', 'colour_name': 'Plum Brandy'}, {'hex_value': '#8f4a4e', 'colour_name': 'Surprise'}, {'hex_value': '#a44155', 'colour_name': 'Shy'}, {'hex_value': '#9c0b2d', 'colour_name': 'Angel Red'}, {'hex_value': '#ab455e', 'colour_name': 'Raspberry Glace'}, {'hex_value': '#CC364C', 'colour_name': 'Ripe Raisin'}, {'hex_value': '#A3555D', 'colour_name': 'Spiced Apple'}, {'hex_value': '#984a37', 'colour_name': 'Tenderheart'}, {'hex_value': '#dd587c', 'colour_name': 'Glazed Berry'}, {'hex_value': '#AD665D', 'colour_name': 'Bronze Leaf'}]"
759,clinique,Clinique + Jonathan Adler: Pop Lip Colour + Primer,15.4,$,USD,https://www.clinique.com/media/export/cms/products/181x209/clq_K22002_181x209.png,https://www.clinique.com/product/1605/49842/makeup/lipsticks/clinique-jonathan-adler-pop-lip-colour-primer,https://www.clinique.com,"An exclusive collection of luminous Clinique Pop™ lipsticks by Jonathan Adler. Includes 3 limited-edition shades inspired by his favorite destinations: Palm Beach Pop, Capri Pop and Santorini Pop.  Jewel-like lipsticks in bold, saturated colors look as pretty on your lips as they do on your vanity. “The domes of Lucite are inspired by my Globo collection—glowing and glamorous. Just like Lip Pop,” says Adler.",,lipstick,lipstick,[],2017-12-23T16:36:54.212Z,2017-12-23T23:38:48.387Z,http://makeup-api.herokuapp.com/api/v1/products/759.json,//s3.amazonaws.com/donovanbailey/products/api_featured_images/000/000/759/original/data?1514072328,"[{'hex_value': '#AD384A', 'colour_name': 'Love Pop'}, {'hex_value': '#EA2C51', 'colour_name': 'Palm Beach Pop'}, {'hex_value': '#7b3636', 'colour_name': 'Cola Pop'}, {'hex_value': '#f45a3b', 'colour_name': 'Melon Pop'}, {'hex_value': '#CC756C', 'colour_name': 'Beige Pop'}, {'hex_value': '#E51E4F', 'colour_name': 'Capri Pop '}, {'hex_value': '#FB8187', 'colour_name': 'Fab Pop'}, {'hex_value': '#C86464', 'colour_name': 'Bare Pop'}, {'hex_value': '#cd1859', 'colour_name': 'Cherry Pop'}, {'hex_value': '#F83A3C', 'colour_name': 'Poppy Pop'}, {'hex_value': '#AE266B', 'colour_name': 'Santorini Pop'}]"
760,clinique,Chubby Stick Baby Tint&trade; Moisturizing Lip Colour Balm,17.5,$,USD,https://www.clinique.com/media/export/cms/products/181x209/clq_Z4CF_181x209.png,https://www.clinique.com/product/1605/30955/makeup/lipsticks/chubby-stick-baby-tint-moisturizing-lip-colour-balm,https://www.clinique.com,"A bit of colour, a hefty helping of moisture. These sheers bloom on contact to bring out your lips' natural tone. The colour is different for everyone.",,lipstick,lipstick,[],2017-12-23T16:36:54.729Z,2017-12-23T23:38:48.703Z,http://makeup-api.herokuapp.com/api/v1/products/760.json,//s3.amazonaws.com/donovanbailey/products/api_featured_images/000/000/760/original/data?1514072328,"[{'hex_value': '#ff8fb2', 'colour_name': 'Budding Blossom'}, {'hex_value': '#e35773', 'colour_name': 'Coming Up Rosy'}, {'hex_value': '#f26a6f', 'colour_name': ""Poppin' Poppy""}, {'hex_value': '#783e5b', 'colour_name': 'Flowering Freesia'}]"
761,clinique,Clinique Pop Liquid™ Matte Lip Colour + Primer,18.5,$,USD,https://www.clinique.com/media/export/cms/products/181x209/clq_ZLPM01_181x209.png,https://www.clinique.com/product/1605/42886/makeup/lipsticks/clinique-pop-liquidtm-matte-lip-colour-primer,https://www.clinique.com,"Lightweight liquid lipstick covers lips with lush pigment and a modern matte finish. Wears all day. Moisturizing formula with built-in primer provides a smooth, even glide so lips feel as fresh as they look.",,lipstick,lipstick,[],2017-12-23T16:36:54.947Z,2017-12-23T23:38:49.044Z,http://makeup-api.herokuapp.com/api/v1/products/761.json,//s3.amazonaws.com/donovanbailey/products/api_featured_images/000/000/761/original/data?1514072328,"[{'hex_value': '#e86ba5', 'colour_name': 'Petal Pop'}, {'hex_value': '#841544', 'colour_name': 'Boom Pop'}, {'hex_value': '#da7d7e', 'colour_name': 'Cake Pop'}, {'hex_value': '#c8093a', 'colour_name': 'Flame Pop'}, {'hex_value': '#ef3232', 'colour_name': 'Ripe Pop'}, {'hex_value': '#9e1b56', 'colour_name': 'Sweetheart Pop'}, {'hex_value': '#790126', 'colour_name': 'Candied Apple Pop'}, {'hex_value': '#5e072f', 'colour_name': 'Black Licorice Pop'}]"
762,clinique,Long Last Lipstick,17.0,$,USD,https://www.clinique.com/media/export/cms/products/181x209/clq_63N2_181x209.png,https://www.clinique.com/product/1605/5404/makeup/lipsticks/long-last-lipstick,https://www.clinique.com,"Longest-wearing formula. Keeps its just-applied look for hours. Won't feather, creep, stain or dry out.",,lipstick,lipstick,[],2017-12-23T16:36:55.332Z,2017-12-23T23:38:49.415Z,http://makeup-api.herokuapp.com/api/v1/products/762.json,//s3.amazonaws.com/donovanbailey/products/api_featured_images/000/000/762/original/data?1514072329,"[{'hex_value': '#F85856', 'colour_name': 'Will You?'}, {'hex_value': '#BF4559', 'colour_name': 'I Do!'}, {'hex_value': '#d97a96', 'colour_name': 'Silvery Moon'}, {'hex_value': '#C96E5A', 'colour_name': 'Honeymoon'}, {'hex_value': '#ba4a58', 'colour_name': 'Violet Berry'}, {'hex_value': '#cc486a', 'colour_name': 'Watermelon'}, {'hex_value': '#c9253e', 'colour_name': 'Ginger Flower'}, {'hex_value': '#e64e51', 'colour_name': 'Runway Coral'}, {'hex_value': '#af5965', 'colour_name': 'Twilight Nude'}, {'hex_value': '#af675d', 'colour_name': 'Creamy Nude'}, {'hex_value': '#a75155', 'colour_name': 'Baby Kiss'}, {'hex_value': '#ad3836', 'colour_name': 'Berry Freeze'}, {'hex_value': '#A8005B', 'colour_name': 'Rose Shimmer'}, {'hex_value': '#b35060', 'colour_name': 'Beauty'}, {'hex_value': '#a44242', 'colour_name': 'All Heart'}, {'hex_value': '#b32127', 'colour_name': 'Red Red Red'}, {'hex_value': '#be453e', 'colour_name': 'Golden Brandy'}, {'hex_value': '#a75258', 'colour_name': 'Pink Spice                         '}, {'hex_value': '#6c2a2d', 'colour_name': 'Black Violet'}, {'hex_value': '#a95554', 'colour_name': 'Blushing Nude'}, {'hex_value': '#a95c5b', 'colour_name': 'Sugared Maple'}, {'hex_value': '#8f212e', 'colour_name': 'Merlot'}, {'hex_value': '#a96361', 'colour_name': 'Bamboo Pink'}, {'hex_value': '#874f58', 'colour_name': 'Heather Moon'}, {'hex_value': '#a52b25', 'colour_name': 'Dubonnet'}, {'hex_value': '#a7413d', 'colour_name': 'Pink Chocolate'}]"
763,clinique,Long Last Soft Matte Lipstick,17.5,$,USD,https://www.clinique.com/media/export/cms/products/181x209/clq_6280_181x209.png,https://www.clinique.com/product/1605/31112/makeup/lipsticks/long-last-soft-matte-lipstick,https://www.clinique.com,"Long-wearing formula keeps its just-applied look for hours. Non-drying, non-feathering. Full coverage, velvety, soft matte finish.",,lipstick,lipstick,[],2017-12-23T16:36:56.106Z,2017-12-23T23:38:49.795Z,http://makeup-api.herokuapp.com/api/v1/products/763.json,//s3.amazonaws.com/donovanbailey/products/api_featured_images/000/000/763/original/data?1514072329,"[{'hex_value': '#cd5a64', 'colour_name': 'Matte Beauty'}, {'hex_value': '#ad276a', 'colour_name': 'Matte Plum'}, {'hex_value': '#cc0631', 'colour_name': 'Matte Crimson'}]"
764,clinique,Chubby Stick Intense&trade; Moisturizing Lip Colour Balm,17.0,$,USD,https://www.clinique.com/media/export/cms/products/181x209/clq_7THM03_181x209.png,https://www.clinique.com/product/1605/24146/makeup/lipsticks/chubby-stick-intense-moisturizing-lip-colour-balm,https://www.clinique.com,"Tempt lips with a soft cushion of colour that's not quite sheer, not quite opaque-just the perfect happy medium. Loaded with mango and shea butters so lips feel comfortably soft and smooth. Ten vibrant shades in all.",,lipstick,lipstick,[],2017-12-23T16:36:56.340Z,2017-12-23T23:38:50.481Z,http://makeup-api.herokuapp.com/api/v1/products/764.json,//s3.amazonaws.com/donovanbailey/products/api_featured_images/000/000/764/original/data?1514072330,"[{'hex_value': '#792d39', 'colour_name': 'Roundest Raspberry'}, {'hex_value': '#a95c61', 'colour_name': 'Curviest Caramel'}, {'hex_value': '#ab383f', 'colour_name': 'Chunkiest Chili'}, {'hex_value': '#b5003d', 'colour_name': 'Mightiest Maraschino'}, {'hex_value': '#bd3637', 'colour_name': 'Heftiest Hibiscus'}, {'hex_value': '#a51743', 'colour_name': 'Plushest Punch'}, {'hex_value': '#831344', 'colour_name': 'Roomiest Rose'}, {'hex_value': '#76303e', 'colour_name': 'Broadest Berry'}, {'hex_value': '#771835', 'colour_name': 'Grandest Grape'}]"
765,clinique,High Impact&trade; Lip Colour,17.5,$,USD,https://www.clinique.com/media/export/cms/products/181x209/clq_6LX5_181x209.png,https://www.clinique.com/product/1605/5778/makeup/lipsticks/high-impact-lip-colour,https://www.clinique.com,,,lipstick,lipstick,[],2017-12-23T16:36:56.751Z,2017-12-23T23:38:50.795Z,http://makeup-api.herokuapp.com/api/v1/products/765.json,//s3.amazonaws.com/donovanbailey/products/api_featured_images/000/000/765/original/data?1514072330,"[{'hex_value': '#aa443b', 'colour_name': 'Peach Pop'}, {'hex_value': '#b1455a', 'colour_name': 'Extreme Pink '}, {'hex_value': '#913b35', 'colour_name': 'Go Fig'}, {'hex_value': '#D17C76', 'colour_name': 'Nude Beach'}, {'hex_value': '#DC7A75', 'colour_name': 'Nearly Violet'}, {'hex_value': '#E17770', 'colour_name': 'Honey Blush'}, {'hex_value': '#E87785', 'colour_name': 'Very Currant'}, {'hex_value': '#D96A6D', 'colour_name': 'Toasted Rose'}, {'hex_value': '#B3505D', 'colour_name': 'Rose Spectrum'}, {'hex_value': '#C02C29', 'colour_name': 'Sassy Spice'}, {'hex_value': '#853439', 'colour_name': 'Cider Berry'}, {'hex_value': '#CD5247', 'colour_name': 'Pure Posh'}, {'hex_value': '#a9434b', 'colour_name': 'Rosette'}, {'hex_value': '#CC5268', 'colour_name': 'After Party'}, {'hex_value': '#af2033', 'colour_name': 'Red-y To Wear'}]"
766,clinique,Butter Shine&trade; Lipstick,8.5,$,USD,https://www.clinique.com/media/export/cms/products/181x209/clq_6F8X_181x209.png,https://www.clinique.com/product/1605/5072/makeup/lipsticks/butter-shine-lipstick,https://www.clinique.com,"The creamiest, richest, smoothest lip colour you can imagine. Our revolutionary gel formula delivers the shine of a gloss, the comfort of a lipstick. Drenches lips in moist, lush colour that glides on buttery-soft, feels luxuriously smooth.",,lipstick,lipstick,[],2017-12-23T16:36:57.147Z,2017-12-23T23:38:51.123Z,http://makeup-api.herokuapp.com/api/v1/products/766.json,//s3.amazonaws.com/donovanbailey/products/api_featured_images/000/000/766/original/data?1514072330,"[{'hex_value': '#BB7267', 'colour_name': 'Delovely'}, {'hex_value': '#D87A73', 'colour_name': 'Adore U'}, {'hex_value': '#E56D75', 'colour_name': 'Pink-a-boo'}, {'hex_value': '#CE6B67', 'colour_name': 'Pink Beach'}, {'hex_value': '#D06A7A', 'colour_name': 'Berry Blush'}, {'hex_value': '#DD777F', 'colour_name': 'Baby Baby'}, {'hex_value': '#BA4A60', 'colour_name': 'Raspberry Rush'}, {'hex_value': '#C0415A', 'colour_name': 'Pink Goddess'}, {'hex_value': '#CA7783', 'colour_name': 'Waterviolet'}, {'hex_value': '#B62841', 'colour_name': 'Apple Brandy'}, {'hex_value': '#CB224E', 'colour_name': 'Fresh Watermelon'}, {'hex_value': '#B80036', 'colour_name': 'Cranberry Cream'}, {'hex_value': '#EE4F49', 'colour_name': 'Ambrosia'}]"
767,clinique,Almost Lipstick,17.5,$,USD,https://www.clinique.com/media/export/cms/products/181x209/clq_6359_181x209.png,https://www.clinique.com/product/1605/4772/makeup/lipsticks/almost-lipstick,https://www.clinique.com,"Transparent pigment merges with the unique, natural tone of your lips to create something wonderful and yours alone. Sheer, glossy. Emollient-rich and very lightweight.",,lipstick,lipstick,[],2017-12-23T16:36:57.610Z,2017-12-23T23:38:51.437Z,http://makeup-api.herokuapp.com/api/v1/products/767.json,//s3.amazonaws.com/donovanbailey/products/api_featured_images/000/000/767/original/data?1514072331,"[{'hex_value': '#d15969', 'colour_name': 'Pink Honey'}, {'hex_value': '#4e1d16', 'colour_name': 'Black Honey'}]"
768,clinique, Quickliner&trade; For Lips Intense,17.5,$,USD,https://www.clinique.com/media/export/cms/products/181x209/clq_ZGGY01_181x209.png,https://www.clinique.com/product/1604/37967/makeup/lip-liner/quickliner-for-lips-intense,https://www.clinique.com,Silky formula glides on and wears all day. Use it to define the lip line or fill in lips pre-lipstick application. Non-drying formula prevents lipstick from feathering and bleeding. No sharpening required.,,,lip_liner,[],2017-12-23T16:36:58.116Z,2017-12-23T23:38:52.062Z,http://makeup-api.herokuapp.com/api/v1/products/768.json,//s3.amazonaws.com/donovanbailey/products/api_featured_images/000/000/768/original/data?1514072331,"[{'hex_value': '#e76393', 'colour_name': 'Intense Hibiscus'}, {'hex_value': '#c12b73', 'colour_name': 'Intense Punch'}, {'hex_value': '#b51869', 'colour_name': 'Intense Jam'}, {'hex_value': '#941E58', 'colour_name': 'Intense Cosmo'}, {'hex_value': '#99122b', 'colour_name': 'Intense Cranberry'}, {'hex_value': '#ca1238', 'colour_name': 'Intense Passion'}, {'hex_value': '#ad5e51', 'colour_name': 'Intense Blush'}, {'hex_value': '#bb4f40', 'colour_name': 'Intense Cayenne'}, {'hex_value': '#b36d5c', 'colour_name': 'Intense Sassafras'}, {'hex_value': '#924737', 'colour_name': 'Intense Cafe'}, {'hex_value': '#4f1115', 'colour_name': 'Intense Licorice'}, {'hex_value': '#4f1919', 'colour_name': 'Intense Cola'}]"
769,clinique,Quickliner&trade; For Lips,17.5,$,USD,https://www.clinique.com/media/export/cms/products/181x209/clq_61EM_181x209.png,https://www.clinique.com/product/1604/4771/makeup/lip-liner/quickliner-for-lips,https://www.clinique.com,All-day lip liner. Use to line and define lips or smooth all over lips before lipstick application for extended wear. Non-drying formula helps keep lipstick in place. Prevents lipstick from feathering and bleeding. No sharpening required.,,,lip_liner,[],2017-12-23T16:36:58.545Z,2017-12-23T23:38:52.404Z,http://makeup-api.herokuapp.com/api/v1/products/769.json,//s3.amazonaws.com/donovanbailey/products/api_featured_images/000/000/769/original/data?1514072332,"[{'hex_value': '#7e4542', 'colour_name': 'Lipblush'}, {'hex_value': '#9b4f46', 'colour_name': 'Neutrally'}, {'hex_value': '#98483a', 'colour_name': 'Honeystick'}, {'hex_value': '#934252', 'colour_name': 'Bamboo'}, {'hex_value': '#7f343b', 'colour_name': 'Cocoa Rose'}, {'hex_value': '#b7706b', 'colour_name': 'Baby Buff'}, {'hex_value': '#a9405c', 'colour_name': 'Crushed Berry'}, {'hex_value': '#c76378', 'colour_name': 'Soft Rose'}, {'hex_value': '#831441', 'colour_name': 'Velvet Rose'}, {'hex_value': '#ca5245', 'colour_name': 'Cocoa Peach'}, {'hex_value': '#7b0705', 'colour_name': 'Tawny Tulip'}, {'hex_value': '#b05087', 'colour_name': 'Sky Violet'}, {'hex_value': '#562a41', 'colour_name': 'Plummy'}, {'hex_value': '#490c05', 'colour_name': 'Chocolate Chip'}, {'hex_value': '#733A40', 'colour_name': 'Bon Bon'}, {'hex_value': '#5d0810', 'colour_name': 'Chili'}]"
770,clinique,Chubby&trade; Plump & Shine Liquid Lip Plumping Gloss,17.5,$,USD,https://www.clinique.com/media/export/cms/products/181x209/clq_ZWP101_181x209.png,https://www.clinique.com/product/1603/45451/makeup/lip-glosses/chubby-plump-shine-liquid-lip-plumping-gloss,https://www.clinique.com,"This light-reflecting, high-shine gloss enhances the appearance of lips, making them appear plump and smooth. Moisturizes, wears for hours. Feels refreshing and cool upon application. Dermatologist Tested. Allergy Tested. 100% Fragrance Free.",,lip_gloss,lipstick,[],2017-12-23T16:36:59.232Z,2017-12-23T23:38:52.914Z,http://makeup-api.herokuapp.com/api/v1/products/770.json,//s3.amazonaws.com/donovanbailey/products/api_featured_images/000/000/770/original/data?1514072332,"[{'hex_value': '#ee8fa8', 'colour_name': 'Pink & Plenty'}, {'hex_value': '#b37366', 'colour_name': 'Normous Nude'}, {'hex_value': '#e76f5f', 'colour_name': 'Portly Peach'}, {'hex_value': '#e28f96', 'colour_name': 'Jumbo Jem'}, {'hex_value': '#cb1b56', 'colour_name': 'Powerhouse Punch'}, {'hex_value': '#973566', 'colour_name': 'Goliath Grape'}, {'hex_value': '#a54a6d', 'colour_name': 'Va Va Va Violet'}, {'hex_value': '#bf133f', 'colour_name': 'Super Scarlet'}]"
771,clinique,CliniqueFIT™  Lip + Cheek Flush,23.0,$,USD,https://www.clinique.com/media/export/cms/products/181x209/clq_K5GX01_181x209.png,https://www.clinique.com/product/1593/50978/makeup/blushers/cliniquefittm-lip-cheek-flush,https://www.clinique.com,It’s like a post-workout glow without the workout. Sheer gel adds a healthy-looking touch of colour to lips and cheeks. Fade resistant. Oil-free.,,,blush,[],2017-12-23T16:36:59.707Z,2017-12-23T23:43:23.354Z,http://makeup-api.herokuapp.com/api/v1/products/771.json,//s3.amazonaws.com/donovanbailey/products/api_featured_images/000/000/771/original/data?1514072603,"[{'hex_value': '#C82062', 'colour_name': 'Pink in Motion'}]"
772,clinique,Clinique Pop&trade; Oil Lip & Cheek Glow,,,,https://www.clinique.com/media/export/cms/products/181x209/clq_ZKJM01_181x209.png,https://www.clinique.com/product/1593/40007/makeup/blushers/clinique-pop-oil-lip-cheek-glow,https://www.clinique.com,,,,blush,[],2017-12-23T16:36:59.931Z,2017-12-23T23:43:27.021Z,http://makeup-api.herokuapp.com/api/v1/products/772.json,//s3.amazonaws.com/donovanbailey/products/api_featured_images/000/000/772/original/data?1514072606,"[{'hex_value': '#BC2F28', 'colour_name': None}]"
773,clinique,Chubby Stick&trade; Cheek Colour Balm,23.0,$,USD,https://www.clinique.com/media/export/cms/products/181x209/clq_Z47M_181x209.png,https://www.clinique.com/product/1593/30944/makeup/blushers/chubby-stick-cheek-colour-balm,https://www.clinique.com,"Creamy, mistake-proof cheek colour creates a healthy-looking glow in an instant. Oil-free.",,,blush,[],2017-12-23T17:09:10.711Z,2017-12-23T23:43:23.728Z,http://makeup-api.herokuapp.com/api/v1/products/773.json,//s3.amazonaws.com/donovanbailey/products/api_featured_images/000/000/773/original/data?1514072603,"[{'hex_value': '#f87467', 'colour_name': 'Robust Rhubarb'}, {'hex_value': '#cf5d5d', 'colour_name': ""Amp'd Up Apple""}, {'hex_value': '#d55f5f', 'colour_name': 'Roly Poly Rosy'}, {'hex_value': '#b46368', 'colour_name': 'Plumped Up Peony'}]"
774,clinique,Soft-Pressed Powder Blusher,23.0,$,USD,https://www.clinique.com/media/export/cms/products/181x209/clq_618J_181x209.png,https://www.clinique.com/product/1593/5164/makeup/blushers/soft-pressed-powder-blusher,https://www.clinique.com,"Warm, natural-looking powder blush for all skins. Sheer, buildable colour gives cheeks a radiant glow. Silky, fresh finish, too. Wide range of shades, from subtle to vibrant. Comes with brush applicator.",,,blush,[],2017-12-23T17:09:11.200Z,2017-12-23T23:43:24.192Z,http://makeup-api.herokuapp.com/api/v1/products/774.json,//s3.amazonaws.com/donovanbailey/products/api_featured_images/000/000/774/original/open-uri20171223-4-1oqk5jn?1514072604,"[{'hex_value': '#cc897d', 'colour_name': 'Honey Blush'}, {'hex_value': '#ca8c8c', 'colour_name': 'Pink Blush'}, {'hex_value': '#b97b81', 'colour_name': 'New Clover'}, {'hex_value': '#bb8376', 'colour_name': 'Chestnut Blush'}, {'hex_value': '#b6847a', 'colour_name': 'Mocha Pink'}, {'hex_value': '#ac7f79', 'colour_name': 'Plum Gorgeous'}, {'hex_value': '#b1706a', 'colour_name': 'Fig'}, {'hex_value': '#b08176', 'colour_name': 'Totally Tawny'}]"
775,clinique,Clinique + Jonathan Adler: Cheek Pop,18.9,$,USD,https://www.clinique.com/media/export/cms/products/181x209/clq_K22102_181x209.png,https://www.clinique.com/product/1593/50730/makeup/blushers/clinique-jonathan-adler-cheek-pop,https://www.clinique.com,,,,blush,[],2017-12-23T17:09:11.684Z,2017-12-23T23:43:24.611Z,http://makeup-api.herokuapp.com/api/v1/products/775.json,//s3.amazonaws.com/donovanbailey/products/api_featured_images/000/000/775/original/open-uri20171223-4-1170sei?1514072604,"[{'hex_value': '#cf5e5e', 'colour_name': 'Clinique + Jonathan Adler: Cheek Pop in Peach Pop'}, {'hex_value': '#cd698d', 'colour_name': 'Clinique + Jonathan Adler: Cheek Pop in Plum Pop'}]"
776,clinique,Cheek Pop&trade;,23.0,$,USD,https://www.clinique.com/media/export/cms/products/181x209/clq_7THL_181x209.png,https://www.clinique.com/product/1593/29770/makeup/blushers/cheek-pop,https://www.clinique.com,"Vibrant yet natural-looking cheek colour that looks virtually powderless. In a silky smooth, stay-true formula with shades for every skin tone. That just-pinched look, simply effortless.",,,blush,[],2017-12-23T17:09:11.983Z,2017-12-23T23:43:25.003Z,http://makeup-api.herokuapp.com/api/v1/products/776.json,//s3.amazonaws.com/donovanbailey/products/api_featured_images/000/000/776/original/open-uri20171223-4-122ljen?1514072604,"[{'hex_value': '#cf5d5d', 'colour_name': 'Peach Pop'}, {'hex_value': '#aa514a', 'colour_name': 'Black Honey Pop '}, {'hex_value': '#e79da4', 'colour_name': 'Pink Honey'}, {'hex_value': '#cd698d', 'colour_name': 'Plum Pop'}, {'hex_value': '#db8669', 'colour_name': 'Nude Pop'}, {'hex_value': '#de7a7b', 'colour_name': 'Pink Pop'}, {'hex_value': '#c75c69', 'colour_name': 'Rosy Pop'}, {'hex_value': '#ab6266', 'colour_name': 'Heather Pop'}, {'hex_value': '#f29686', 'colour_name': 'Melon Pop'}, {'hex_value': '#b55241', 'colour_name': 'Fig Pop'}, {'hex_value': '#b54d70', 'colour_name': 'Berry Pop'}, {'hex_value': '#a06b89', 'colour_name': 'Pansy Pop'}, {'hex_value': '#ad5753', 'colour_name': 'Ginger Pop'}, {'hex_value': '#641009', 'colour_name': 'Cola Pop'}]"
777,clinique,Blushing Blush&trade; Powder Blush,23.0,$,USD,https://www.clinique.com/media/export/cms/products/181x209/clq_6FLK_181x209.png,https://www.clinique.com/product/1593/5265/makeup/blushers/blushing-blush-powder-blush,https://www.clinique.com,"Silky formula sweeps effortlessly over cheekbones to create a natural look. Fresh, jet-milled colour builds and blends beautifully to desired intensity with custom sculpting brush. Long-wearing, colour-true. Oil-free.",,,blush,[],2017-12-23T17:09:12.709Z,2017-12-23T23:43:25.653Z,http://makeup-api.herokuapp.com/api/v1/products/777.json,//s3.amazonaws.com/donovanbailey/products/api_featured_images/000/000/777/original/open-uri20171223-4-v4q2w6?1514072605,"[{'hex_value': '#f18f94', 'colour_name': 'Cupid'}, {'hex_value': '#c0705d', 'colour_name': 'Aglow'}, {'hex_value': '#e98c86', 'colour_name': 'Sunset Glow'}, {'hex_value': '#da8b92', 'colour_name': 'Smoldering Plum'}, {'hex_value': '#f397a4', 'colour_name': 'Iced Lotus'}, {'hex_value': '#f59494', 'colour_name': 'Precious Posy'}, {'hex_value': '#d78281', 'colour_name': 'Berry Delight'}, {'hex_value': '#b05762', 'colour_name': 'Spiced Wine'}]"
778,clinique,Sculptionary&trade; Cheek Contouring Palette,34.0,$,USD,https://www.clinique.com/media/export/cms/products/181x209/clq_ZAMN_181x209.png,https://www.clinique.com/product/1593/34892/makeup/blushers/sculptionary-cheek-contouring-palette,https://www.clinique.com,"Versatile cheek sculpting compact with natural-looking shades that blend and build beautifully. Use each separately to colour, contour, highlight. Or swirl them together for a quick easy glow. Use mid-toned shade as a blush, deep-toned shade to contour, lightest shade to highlight. For a quick, easy glow swirl brush over entire palette and dust over apples of cheeks. Long-wearing, oil-free. ",,,blush,[],2017-12-23T17:09:13.451Z,2017-12-23T23:43:26.248Z,http://makeup-api.herokuapp.com/api/v1/products/778.json,//s3.amazonaws.com/donovanbailey/products/api_featured_images/000/000/778/original/data?1514072606,"[{'hex_value': '#f5cdc4,#f4b6a6,#ef8c85', 'colour_name': 'Defining Nectars'}, {'hex_value': '#fbd5db,#c57c82,#925058', 'colour_name': 'Defining Berries'}, {'hex_value': '#f5cdd0,#f58589,#9a5f62', 'colour_name': 'Defining Roses'}, {'hex_value': '#facebe,#e3a99f,#bf6f5c', 'colour_name': 'Defining Nudes'}, {'hex_value': '#e5e1cd,#d6b7c3,#a8b2d5', 'colour_name': 'Defining Sugars'}, {'hex_value': '#fce5e7,#deb5bd,#d36686', 'colour_name': 'Defining Pinks'}]"
781,clinique,Sun-Kissed Face Gelee Complexion Multitasker,28.0,$,USD,https://www.clinique.com/media/export/cms/products/181x209/clq_ZMAT01_181x209.png,https://www.clinique.com/product/1594/41442/makeup/bronzers/sun-kissed-face-gelee-complexion-multitasker,https://www.clinique.com,"An instant pick-me-up for skin. Sheer, oil-free gel creates a warm, healthy glow. Appropriate for all skin types and tones. Ophthalmologist Tested.",,,bronzer,[],2017-12-23T23:35:04.889Z,2017-12-23T23:38:55.821Z,http://makeup-api.herokuapp.com/api/v1/products/781.json,//s3.amazonaws.com/donovanbailey/products/api_featured_images/000/000/781/original/data?1514072335,"[{'hex_value': '#bb7859', 'colour_name': 'Universal Glow'}]"
782,clinique,Uplighting Illuminating Powder,27.0,$,USD,https://www.clinique.com/media/export/cms/products/181x209/clq_ZEFR01_181x209.png,https://www.clinique.com/product/1594/42256/makeup/bronzers/uplighting-illuminating-powder,https://www.clinique.com,"This sheer illuminating powder with soft-focus pigments flatters skin with a candle-lit glow of radiance. Wear it alone, as a finishing powder after foundation, or as a highlighter only where you want it. In 3 luminous shades.",,,bronzer,[],2017-12-23T23:35:05.079Z,2017-12-23T23:38:56.196Z,http://makeup-api.herokuapp.com/api/v1/products/782.json,//s3.amazonaws.com/donovanbailey/products/api_featured_images/000/000/782/original/open-uri20171223-4-16kl0fz?1514072336,"[{'hex_value': '#f1bfa0', 'colour_name': 'Nude Glow'}, {'hex_value': '#e29c74', 'colour_name': 'Golden Glow'}, {'hex_value': '#bb6f4a', 'colour_name': 'Bronze Glow'}]"
783,clinique,True Bronze&trade; Pressed Powder Bronzer,27.0,$,USD,https://www.clinique.com/media/export/cms/products/181x209/clq_6FW2_181x209.png,https://www.clinique.com/product/1594/5737/makeup/bronzers/true-bronze-pressed-powder-bronzer,https://www.clinique.com,"Lightweight powder bronzer creates a natural-looking, sun-kissed radiance. Blends, builds easily to your desired level of bronze. Perfect for on-the-go glow. Long-wearing. Oil-free.",,,bronzer,[],2017-12-23T23:35:05.311Z,2017-12-23T23:38:56.560Z,http://makeup-api.herokuapp.com/api/v1/products/783.json,//s3.amazonaws.com/donovanbailey/products/api_featured_images/000/000/783/original/open-uri20171223-4-1mjyhnf?1514072336,"[{'hex_value': '#C68C63', 'colour_name': 'Sunswept'}, {'hex_value': '#CE8963', 'colour_name': 'Sunblushed'}, {'hex_value': '#DA9475', 'colour_name': 'Sunkissed'}]"
784,clinique,Up-lighting&trade; Liquid Illuminator,28.0,$,USD,https://www.clinique.com/media/export/cms/products/181x209/clq_6L1X_181x209.png,https://www.clinique.com/product/1594/6429/makeup/bronzers/up-lighting-liquid-illuminator,https://www.clinique.com,"Sheer, lightweight liquid instantly illuminates skin. Highlights and contours cheeks, brow bones, or gives face an allover glow. Glides on to create a natural-looking luminosity. Perfect for all skin types and tones. Oil-free.",,,bronzer,[],2017-12-23T23:35:05.467Z,2017-12-23T23:38:56.973Z,http://makeup-api.herokuapp.com/api/v1/products/784.json,//s3.amazonaws.com/donovanbailey/products/api_featured_images/000/000/784/original/data?1514072336,"[{'hex_value': '#E9B180', 'colour_name': 'Natural'}]"
785,clinique,Blended Face Powder and Brush,26.0,$,USD,https://www.clinique.com/media/export/cms/products/181x209/clq_6362_181x209.png,https://www.clinique.com/product/1594/6271/makeup/bronzers/blended-face-powder-and-brush,https://www.clinique.com,"Clinique's signature blended powder. Loose, lightweight texture is right for every type of skin. Sets and perfects makeup, makes pores seem to disappear. Airy, skin-hugging formula delivers a reliably flawless finish.",,,bronzer,[],2017-12-23T23:35:05.726Z,2017-12-23T23:38:31.747Z,http://makeup-api.herokuapp.com/api/v1/products/785.json,//s3.amazonaws.com/donovanbailey/products/api_featured_images/000/000/785/original/data?1514072311,"[{'hex_value': '#E1D6CC', 'colour_name': 'Invisible Blend'}, {'hex_value': '#E9CEB9', 'colour_name': 'Transparency Neutral'}, {'hex_value': '#E6C8B9', 'colour_name': 'Transparency 2'}, {'hex_value': '#DBBCA4', 'colour_name': 'Transparency 3'}, {'hex_value': '#D2AC97', 'colour_name': 'Transparency 4'}, {'hex_value': '#BA927A', 'colour_name': 'Transparency 4 Plus'}, {'hex_value': '#BB9280', 'colour_name': 'Transparency Bronze'}, {'hex_value': '#AE846A', 'colour_name': 'Transparency 5'}]"
786,clinique,Limited Edition Highlighting Kit,39.0,$,USD,https://www.clinique.com/media/export/cms/products/181x209/clq_K2MG80_181x209.png,https://www.clinique.com/product/14346/51296/makeup/contouring/limited-edition-highlighting-kit,https://www.clinique.com,,,contour,foundation,[],2017-12-23T23:35:06.486Z,2017-12-23T23:38:32.270Z,http://makeup-api.herokuapp.com/api/v1/products/786.json,//s3.amazonaws.com/donovanbailey/products/api_featured_images/000/000/786/original/data?1514072312,[]
787,clinique,Chubby Stick&trade; Sculpting Contour,23.0,$,USD,https://www.clinique.com/media/export/cms/products/181x209/clq_ZCP701_181x209.png,https://www.clinique.com/product/14346/34749/makeup/contouring/chubby-stick-sculpting-contour,https://www.clinique.com,"Creamy contouring stick creates the illusion of depth; makes areas appear to recede. Long-wearing, oil-free.",,contour,foundation,[],2017-12-23T23:35:06.871Z,2017-12-23T23:38:32.856Z,http://makeup-api.herokuapp.com/api/v1/products/787.json,//s3.amazonaws.com/donovanbailey/products/api_featured_images/000/000/787/original/data?1514072312,"[{'hex_value': '#995239', 'colour_name': 'Curvy Contour'}]"
788,clinique,Chubby Stick&trade; Sculpting Highlight,23.0,$,USD,https://www.clinique.com/media/export/cms/products/181x209/clq_ZA1N01_181x209.png,https://www.clinique.com/product/14346/34748/makeup/contouring/chubby-stick-sculpting-highlight,https://www.clinique.com,"Luminous cream highlighting stick with light-reflecting optics brings your best features forward. Long-wearing, oil-free.",,contour,foundation,[],2017-12-23T23:35:06.969Z,2017-12-23T23:38:33.306Z,http://makeup-api.herokuapp.com/api/v1/products/788.json,//s3.amazonaws.com/donovanbailey/products/api_featured_images/000/000/788/original/data?1514072313,"[{'hex_value': '#f5c5b4', 'colour_name': 'Hefty Highlight'}]"
789,clinique,Brow Shaper,18.0,$,USD,https://www.clinique.com/media/export/cms/products/181x209/clq_6346_181x209.png,https://www.clinique.com/product/1595/5634/makeup/brows/brow-shaper,https://www.clinique.com,"Fine pressed powder, special brush. Soft, natural colours fill in and perfect brows with no harsh lines.",,,eyebrow,[],2017-12-23T23:35:07.288Z,2017-12-23T23:38:34.017Z,http://makeup-api.herokuapp.com/api/v1/products/789.json,//s3.amazonaws.com/donovanbailey/products/api_featured_images/000/000/789/original/data?1514072313,"[{'hex_value': '#b1896d', 'colour_name': 'Soft Brown'}, {'hex_value': '#ffbd8d', 'colour_name': 'Wheat'}, {'hex_value': '#896a5f', 'colour_name': 'Charcoaled'}, {'hex_value': '#7b5e48', 'colour_name': 'Shaping Taupe'}]"
790,clinique,Just Browsing Brush-On Styling Mousse,18.0,$,USD,https://www.clinique.com/media/export/cms/products/181x209/clq_ZGH501_181x209.png,https://www.clinique.com/product/1595/36585/makeup/brows/just-browsing-brush-on-styling-mousse,https://www.clinique.com,"24-hour long-wearing brow mousse tints, tames, fills-in even the sparsest brows. Mini applicator brushes on natural-looking colour that resists smudging, sweat and humidity. Water-resistant, too. Ophthalmologist Tested. Allergy Tested. 100% Fragrance Free.",,,eyebrow,[],2017-12-23T23:35:07.581Z,2017-12-23T23:38:34.607Z,http://makeup-api.herokuapp.com/api/v1/products/790.json,//s3.amazonaws.com/donovanbailey/products/api_featured_images/000/000/790/original/data?1514072314,"[{'hex_value': '#957E64', 'colour_name': 'Blonde'}, {'hex_value': '#74523c', 'colour_name': 'Light Brown'}, {'hex_value': '#533d2a', 'colour_name': 'Deep Brown'}, {'hex_value': '#3e382e', 'colour_name': 'Black/Brown'}]"
791,clinique,Brow Keeper,18.0,$,USD,https://www.clinique.com/media/export/cms/products/181x209/clq_ZGHJ01_181x209.png,https://www.clinique.com/product/1595/37422/makeup/brows/brow-keeper,https://www.clinique.com,"A two-in-one tool for perfectly arched brows. Pencil end shades and shapes with a creamy formula that goes on, holds on. At the other end, a fine-tuned brush keeps brows impeccably groomed. Apply lightly for a natural look. Go heavier for pure glam.",,,eyebrow,[],2017-12-23T23:35:07.754Z,2017-12-23T23:38:34.985Z,http://makeup-api.herokuapp.com/api/v1/products/791.json,//s3.amazonaws.com/donovanbailey/products/api_featured_images/000/000/791/original/data?1514072314,"[{'hex_value': '#88553f', 'colour_name': 'Warm Brown'}, {'hex_value': '#aa8d77', 'colour_name': 'Honey'}]"
792,clinique,Pretty Easy Brow Palette,34.5,$,USD,https://www.clinique.com/media/export/cms/products/181x209/clq_ZJPG01_181x209.png,https://www.clinique.com/product/1595/38685/makeup/brows/pretty-easy-brow-palette,https://www.clinique.com,"Deluxe brow kit features natural-looking brow powder, powder highlighter, tinted brow fixative plus 4 applicator tips for a precise touch. Includes easy-to-follow illustrated how-tos.",,,eyebrow,[],2017-12-23T23:35:07.881Z,2017-12-23T23:38:35.648Z,http://makeup-api.herokuapp.com/api/v1/products/792.json,//s3.amazonaws.com/donovanbailey/products/api_featured_images/000/000/792/original/data?1514072315,[]
793,clinique,Superfine Liner For Brows,18.0,$,USD,https://www.clinique.com/media/export/cms/products/181x209/clq_68A9_181x209.png,https://www.clinique.com/product/1595/6332/makeup/brows/superfine-liner-for-brows,https://www.clinique.com,"Convenient pencil creates perfectly defined, natural-looking brows. Ultra-fine tip fills even the smallest gaps with precise, hair-like strokes. Automatically self-sharpens; glides on without skipping or tugging. Colour lasts all day.",,,eyebrow,[],2017-12-23T23:35:07.968Z,2017-12-23T23:38:35.945Z,http://makeup-api.herokuapp.com/api/v1/products/793.json,//s3.amazonaws.com/donovanbailey/products/api_featured_images/000/000/793/original/data?1514072315,"[{'hex_value': '#B68761', 'colour_name': 'Soft Blonde'}, {'hex_value': '#71553e', 'colour_name': 'Soft Brown'}, {'hex_value': '#311b12', 'colour_name': 'Black/Brown'}, {'hex_value': '#533316', 'colour_name': 'Deep Brown'}, {'hex_value': '#94512f', 'colour_name': 'Soft Auburn'}]"
794,clinique,Instant Lift For Brows,9.0,$,USD,https://www.clinique.com/media/export/cms/products/181x209/clq_71FJ02_181x209.png,https://www.clinique.com/product/1595/8417/makeup/brows/instant-lift-for-brows,https://www.clinique.com,"Two-in-one automatic brow pencil and pearlized highlighter duo creates a contrast and definition that give eyes a virtual lift. First, fill in and shape brows with long-wearing natural-looking pencil. Then optically 'boost' brow arches with universal highlighter shade just below brow hairs.",,,eyebrow,[],2017-12-23T23:35:08.235Z,2017-12-23T23:38:36.195Z,http://makeup-api.herokuapp.com/api/v1/products/794.json,//s3.amazonaws.com/donovanbailey/products/api_featured_images/000/000/794/original/data?1514072316,"[{'hex_value': '#57462b,#ecb892', 'colour_name': ''}, {'hex_value': '#4d3729,#ecb892', 'colour_name': 'Black Brown'}, {'hex_value': '#ad8b70,#ecb89f', 'colour_name': 'Soft Blonde'}, {'hex_value': '#71523b,#ecb89f', 'colour_name': 'Soft Brown'}, {'hex_value': '#5f401e,#ecb89d', 'colour_name': 'Deep Brown'}]"
795,clinique,Pretty Easy™ Liquid Eyelining Pen,21.0,$,USD,https://www.clinique.com/media/export/cms/products/181x209/clq_ZGC001_181x209.png,https://www.clinique.com/product/1597/36520/makeup/eyeliners/pretty-easytm-liquid-eyelining-pen,https://www.clinique.com,"Clinique's mistake-proof pen creates a clean line in one steady sweep. Tapered, precision brush paints on pure, deep colour from thin to thick. 24-hour smudge and budge-resistant wear. Ophthalmologist Tested. Allergy Tested. 100% Fragrance Free.",,,eyeliner,[],2017-12-23T23:35:08.723Z,2017-12-23T23:38:36.459Z,http://makeup-api.herokuapp.com/api/v1/products/795.json,//s3.amazonaws.com/donovanbailey/products/api_featured_images/000/000/795/original/data?1514072316,"[{'hex_value': '#2d2a29', 'colour_name': 'Black'}, {'hex_value': '#452a29', 'colour_name': 'Brown'}]"
796,clinique,Clinique Skinny Stick&trade;,17.0,$,USD,https://www.clinique.com/media/export/cms/products/181x209/clq_ZHK411_181x209.png,https://www.clinique.com/product/1597/36517/makeup/eyeliners/clinique-skinny-stick,https://www.clinique.com,Ultra-fine yet rich colour glides on smoothly to create natural-looking definition as close to the lashline as possible. A precise tip every time–no sharpening required. Ophthalmologist Tested. Allergy Tested.  100% Fragrance Free.,,,eyeliner,[],2017-12-23T23:35:08.894Z,2017-12-23T23:38:36.781Z,http://makeup-api.herokuapp.com/api/v1/products/796.json,//s3.amazonaws.com/donovanbailey/products/api_featured_images/000/000/796/original/data?1514072316,"[{'hex_value': '#51543c', 'colour_name': 'Mini Moss'}, {'hex_value': '#4F331A', 'colour_name': 'Slim Sable'}, {'hex_value': '#311d40', 'colour_name': 'Demi-grape'}, {'hex_value': '#806A3D', 'colour_name': 'Olive-tini'}, {'hex_value': '#62975c', 'colour_name': 'Thin Mint'}, {'hex_value': '#2E5E5D', 'colour_name': 'Lanky Lapis'}, {'hex_value': '#FCF9F4', 'colour_name': 'Angel Hair'}]"
797,clinique,Water-Resistant Eyeliner,17.5,$,USD,https://www.clinique.com/media/export/cms/products/181x209/clq_6337_181x209.png,https://www.clinique.com/product/1597/4985/makeup/eyeliners/water-resistant-eyeliner,https://www.clinique.com,"The cake eyeliner that stays, won't run away. Resists smudging, smearing. Depth of colour can be adjusted with water. Comes with precision brush. Ideal for sensitive eyes. Ophthalmologist tested.",,,eyeliner,[],2017-12-23T23:35:09.279Z,2017-12-23T23:38:38.142Z,http://makeup-api.herokuapp.com/api/v1/products/797.json,//s3.amazonaws.com/donovanbailey/products/api_featured_images/000/000/797/original/data?1514072317,"[{'hex_value': '#242424', 'colour_name': 'Natural Black'}, {'hex_value': '#402323', 'colour_name': 'Muted Brown'}]"
798,clinique,Brush-On Cream Liner,17.5,$,USD,https://www.clinique.com/media/export/cms/products/181x209/clq_6H3F_181x209.png,https://www.clinique.com/product/1597/5363/makeup/eyeliners/brush-on-cream-liner,https://www.clinique.com,"Creamy eyeliner brushes on deep, smoky, eye-defining colour. Long-wearing, waterproof formula comes complete with a mini Eye Liner Brush. Ophthalmologist tested.",,,eyeliner,[],2017-12-23T23:35:09.613Z,2017-12-23T23:38:39.140Z,http://makeup-api.herokuapp.com/api/v1/products/798.json,//s3.amazonaws.com/donovanbailey/products/api_featured_images/000/000/798/original/data?1514072318,"[{'hex_value': '#000000', 'colour_name': 'True Black'}]"
799,clinique,Quickliner&#8482; For Eyes Intense,17.5,$,USD,https://www.clinique.com/media/export/cms/products/181x209/clq_75X3_181x209.png,https://www.clinique.com/product/1597/12313/makeup/eyeliners/quickliner-for-eyes-intense,https://www.clinique.com,"No need to be subtle when it's now so easy to move into the deepest, most dramatic range. Find all the intensity of a liquid liner in one simple stroke. Silky formula glides on. Stays on all day. Never needs sharpening. ""Smoke"" with the smudge tip on the opposite end. Ophthalmologist Tested.",,,eyeliner,[],2017-12-23T23:35:09.771Z,2017-12-23T23:38:39.400Z,http://makeup-api.herokuapp.com/api/v1/products/799.json,//s3.amazonaws.com/donovanbailey/products/api_featured_images/000/000/799/original/data?1514072319,"[{'hex_value': '#523c39', 'colour_name': 'Intense Clove'}, {'hex_value': '#604c1b', 'colour_name': 'Intense Peridot'}, {'hex_value': '#412727', 'colour_name': 'Intense Chocolate'}, {'hex_value': '#303b1d', 'colour_name': 'Intense Ivy'}, {'hex_value': '#353434', 'colour_name': 'Intense Charcoal'}, {'hex_value': '#13253b', 'colour_name': 'Intense Midnight'}, {'hex_value': '#59394F', 'colour_name': 'Intense Amethyst'}, {'hex_value': '#3a1f34', 'colour_name': 'Intense Aubergine'}, {'hex_value': '#352E49', 'colour_name': 'Intense Plum'}, {'hex_value': '#374236', 'colour_name': 'Intense Peacock'}, {'hex_value': '#000000', 'colour_name': 'Intense Ebony '}, {'hex_value': '#16273a', 'colour_name': 'Intense Black'}, {'hex_value': '#9E8577', 'colour_name': 'Intense Truffle'}, {'hex_value': '#4E2C1C', 'colour_name': 'Intense Sable'}, {'hex_value': '#2C425C', 'colour_name': 'Intense Cobalt'}]"
800,clinique,Kohl Shaper For Eyes,17.5,$,USD,https://www.clinique.com/media/export/cms/products/181x209/clq_6GAP_181x209.png,https://www.clinique.com/product/1597/6150/makeup/eyeliners/kohl-shaper-for-eyes,https://www.clinique.com,"Rich, satiny eyeliner glides on smoky or defined, bold or superfine. Triangular, ergonomic design provides precision control. Sharpener's built into cap. Never be caught with a dull point again. Ophthalmologist tested.",,,eyeliner,[],2017-12-23T23:35:10.267Z,2017-12-23T23:38:39.651Z,http://makeup-api.herokuapp.com/api/v1/products/800.json,//s3.amazonaws.com/donovanbailey/products/api_featured_images/000/000/800/original/data?1514072319,"[{'hex_value': '#472b2a', 'colour_name': 'Black Coffee'}, {'hex_value': '#000000', 'colour_name': 'Black Kohl'}]"
801,clinique,High Impact™ Custom Black Kajal,17.5,$,USD,https://www.clinique.com/media/export/cms/products/181x209/clq_ZP4R01_181x209.png,https://www.clinique.com/product/1597/41979/makeup/eyeliners/high-impacttm-custom-black-kajal,https://www.clinique.com,"For kicked-up eye drama, go bold and black. Pigment-packed kajal pencil delivers rich, dark colour with 12 hours of staying power. Skip-proof formula resists smudging, sweat and humidity—even water. Ophthalmologist Tested. Appropriate for sensitive eyes and contact lens wearers, too.",,,eyeliner,[],2017-12-23T23:35:10.579Z,2017-12-23T23:38:39.894Z,http://makeup-api.herokuapp.com/api/v1/products/801.json,//s3.amazonaws.com/donovanbailey/products/api_featured_images/000/000/801/original/data?1514072319,"[{'hex_value': '#0b0004', 'colour_name': 'Blackened Black'}, {'hex_value': '#202318', 'colour_name': 'Blackened Green'}, {'hex_value': '#401917', 'colour_name': 'Blackened Honey'}]"
802,clinique,Quickliner&trade; For Eyes,17.5,$,USD,https://www.clinique.com/media/export/cms/products/181x209/clq_62A405_181x209.png,https://www.clinique.com/product/1597/4770/makeup/eyeliners/quickliner-for-eyes,https://www.clinique.com,Automatic eyeliner pencil twists up. Glides on. Smudges to a smooth blur of colour with the convenient smudge tool on the opposite end. Needs no sharpening.,,,eyeliner,[],2017-12-23T23:35:10.822Z,2017-12-23T23:38:40.164Z,http://makeup-api.herokuapp.com/api/v1/products/802.json,//s3.amazonaws.com/donovanbailey/products/api_featured_images/000/000/802/original/data?1514072320,"[{'hex_value': '#574E24', 'colour_name': 'True Khaki'}, {'hex_value': '#614843', 'colour_name': 'Roast Coffee'}, {'hex_value': '#5f4d4d', 'colour_name': 'Smoky Brown'}, {'hex_value': '#535a5e', 'colour_name': 'Slate'}, {'hex_value': '#3f3b3f', 'colour_name': 'New Black'}, {'hex_value': '#36251e', 'colour_name': 'Dark Chocolate'}, {'hex_value': '#3d3142', 'colour_name': 'Violet'}, {'hex_value': '#220d00', 'colour_name': 'Black/Brown'}, {'hex_value': '#59556a', 'colour_name': 'Blue Grey'}, {'hex_value': '#492533', 'colour_name': 'Grape'}, {'hex_value': '#0f0b09', 'colour_name': 'Really Black'}]"
803,clinique,Cream Shaper&trade; For Eyes,17.5,$,USD,https://www.clinique.com/media/export/cms/products/181x209/clq_6FP2_181x209.png,https://www.clinique.com/product/1597/6140/makeup/eyeliners/cream-shaper-for-eyes,https://www.clinique.com,"Creamy-smooth eyeliner pencil with a hint of shimmer. Shapes and defines with intense, stay-put colour. Non-smudging, water- and transfer-resistant. Easy to sharpen, too. Ophthalmologist tested.",,,eyeliner,[],2017-12-23T23:35:11.232Z,2017-12-23T23:38:40.373Z,http://makeup-api.herokuapp.com/api/v1/products/803.json,//s3.amazonaws.com/donovanbailey/products/api_featured_images/000/000/803/original/data?1514072320,"[{'hex_value': '#46372b', 'colour_name': 'Egyptian'}, {'hex_value': '#4e2f2d', 'colour_name': 'Chocolate Lustre'}, {'hex_value': '#151e2c', 'colour_name': 'Black Diamond'}]"
804,clinique,Clinique + Jonathan Adler: Limited Edition Chic Colour Kit,27.3,$,USD,https://www.clinique.com/media/export/cms/products/181x209/clq_K2NY01_181x209.png,https://www.clinique.com/product/1598/49855/makeup/eye-shadows/clinique-jonathan-adler-limited-edition-chic-colour-kit,https://www.clinique.com,A refreshingly modern eye shadow clutch in one of designer Jonathan Adler’s signature geometric prints. Includes 13 most-wanted All About Shadow™ shades to inspire your creativity.,,palette,eyeshadow,[],2017-12-23T23:35:11.756Z,2017-12-26T00:36:27.348Z,http://makeup-api.herokuapp.com/api/v1/products/804.json,//s3.amazonaws.com/donovanbailey/products/api_featured_images/000/000/804/original/open-uri20171223-4-1ljakeo?1514072320,[]
805,clinique,Clinique + Jonathan Adler: Lid Pop,14.0,$,USD,https://www.clinique.com/media/export/cms/products/181x209/clq_K2NX10_181x209.png,https://www.clinique.com/product/1598/49854/makeup/eye-shadows/clinique-jonathan-adler-lid-pop,https://www.clinique.com,"Four shades of silky, long-wearing eye shadow with designer details: an exclusive Jonathan Adler geometric print hot-stamped on the lid and pressed into the powder.",,,eyeshadow,[],2017-12-23T23:35:11.909Z,2017-12-23T23:38:41.000Z,http://makeup-api.herokuapp.com/api/v1/products/805.json,//s3.amazonaws.com/donovanbailey/products/api_featured_images/000/000/805/original/data?1514072320,"[{'hex_value': '#836A42', 'colour_name': 'Willow Pop'}, {'hex_value': '#008B97', 'colour_name': 'Aqua Pop'}, {'hex_value': '#DFA792', 'colour_name': 'Cream Pop'}, {'hex_value': '#916487', 'colour_name': 'Grape Pop'}]"
806,clinique,All About Shadow&trade; Duo,22.0,$,USD,https://www.clinique.com/media/export/cms/products/181x209/clq_7PWK_181x209.png,https://www.clinique.com/product/1598/27032/makeup/eye-shadows/all-about-shadow-duo,https://www.clinique.com,"Use one shade as a base colour, the other to contour. Crease- and fade-resistant. Ophthalmologist tested for even the most sensitive eyes and contact lens wearers. Mirrored compact with illustrated how-tos plus a brush/sponge-tip applicator.",,,eyeshadow,[],2017-12-23T23:35:12.387Z,2017-12-23T23:38:41.393Z,http://makeup-api.herokuapp.com/api/v1/products/806.json,//s3.amazonaws.com/donovanbailey/products/api_featured_images/000/000/806/original/data?1514072321,"[{'hex_value': '#CFB3BC,#A996A8', 'colour_name': 'Twilight Mauve/Brandied Plum'}, {'hex_value': '#d0b8bb,#5c2b2e', 'colour_name': 'Cocktail Hour'}, {'hex_value': '#a6a2c6,#5f6168', 'colour_name': 'Blackberry Frost'}, {'hex_value': '#fcf1dc,#8f6e43', 'colour_name': 'Buttered Toast'}, {'hex_value': '#cfaf98,#7c3900', 'colour_name': 'Day into Date'}, {'hex_value': '#e9d5ca,#896a58', 'colour_name': 'Ivory Bisque/Bronze Satin'}, {'hex_value': '#f2d5db,#5d245a', 'colour_name': ""Jammin'""}, {'hex_value': '#c09371,#753d29', 'colour_name': 'Like Mink'}, {'hex_value': '#e0c4ab,#5f574f', 'colour_name': 'Neutral Territory'}, {'hex_value': '#fae9de,#a66406', 'colour_name': 'Sand Dunes'}, {'hex_value': '#EAC7B7,#47575D', 'colour_name': 'Nightcap'}, {'hex_value': '#e1d9e0,#b18877', 'colour_name': 'Seashell Pink/Fawn Satin'}, {'hex_value': '#d2b9ac,#977d6f', 'colour_name': 'Starlight Starbright'}, {'hex_value': '#dba8ad,#a17664', 'colour_name': 'Strawberry Fudge'}, {'hex_value': '#f7d4d9,#605561', 'colour_name': 'Uptown Downtown'}, {'hex_value': '#c9d4d1,#718b88', 'colour_name': 'Wave after Wave'}, {'hex_value': '#cfb691,#8a697c', 'colour_name': 'Beach Plum'}, {'hex_value': '#D1B1AB', 'colour_name': 'color 1'}, {'hex_value': '#60575D', 'colour_name': 'color 2'}]"
807,clinique,All About Shadow&trade; Quad,28.5,$,USD,https://www.clinique.com/media/export/cms/products/181x209/clq_7PWL06_181x209.png,https://www.clinique.com/product/1598/27033/makeup/eye-shadows/all-about-shadow-quad,https://www.clinique.com,Wear shades alone or layered together in different combinations. Crease- and fade-resistant. Ophthalmologist tested for even the most sensitive eyes and contact lens wearers. Mirrored compact with illustrated how-tos plus two sponge-tip applicators.,,,eyeshadow,[],2017-12-23T23:35:13.329Z,2017-12-23T23:38:41.793Z,http://makeup-api.herokuapp.com/api/v1/products/807.json,//s3.amazonaws.com/donovanbailey/products/api_featured_images/000/000/807/original/data?1514072321,"[{'hex_value': '#c5dde8,#3a4e66,#638988,#2b2f28', 'colour_name': 'Dive In'}, {'hex_value': '#e4e7eb,#0d3d5c,#538b8c,#203250', 'colour_name': 'Galaxy'}, {'hex_value': '#fde6ee,#643d67,#c3a3ba,#473e4d', 'colour_name': 'Going Steady'}, {'hex_value': '#fbf8f0,#5b4b3f,#cfb6a6,#383838', 'colour_name': ""Jenna's Essentials""}, {'hex_value': '#f3d4ca,#784a4a,#aa753d,#553240', 'colour_name': 'Morning Java'}, {'hex_value': '#f7f2cd,#6b765c,#978a4e,#4a4b38', 'colour_name': 'On Safari'}, {'hex_value': '#f2d7d7,#8d5649,#c28c90,#634a42', 'colour_name': 'Pink Chocolate'}, {'hex_value': '#d0d0d3,#5d5d65,#2d2d2e,#111111', 'colour_name': 'Smoke and Mirrors'}, {'hex_value': '#fee6d3,#996a57,#ae7e65,#6b3f22', 'colour_name': 'Teddy Bear'}, {'hex_value': '#e4e7eb', 'colour_name': 'Galaxy1'}, {'hex_value': '#0d3d5c', 'colour_name': 'Galaxy2'}, {'hex_value': '#538b8c', 'colour_name': 'Galaxy3'}, {'hex_value': '#203250', 'colour_name': 'Galaxy4'}, {'hex_value': '#c5dde8', 'colour_name': 'Dive In 1'}, {'hex_value': '#3a4e66', 'colour_name': 'Dive In 2'}, {'hex_value': '#638988', 'colour_name': 'Dive In 3'}, {'hex_value': '#2b2f28', 'colour_name': 'Dive In 4'}, {'hex_value': '#f2d7d7', 'colour_name': 'Pink Chocolate 1'}, {'hex_value': '#8d5649', 'colour_name': 'Pink Chocolate 2'}, {'hex_value': '#c28c90', 'colour_name': 'Pink Chocolate 3'}, {'hex_value': '#634a42', 'colour_name': 'Pink Chocolate 4'}, {'hex_value': '#d0d0d3', 'colour_name': 'Smoke and Mirrors 1'}, {'hex_value': '#5d5d65', 'colour_name': 'Smoke and Mirrors 2'}, {'hex_value': '#2d2d2e', 'colour_name': 'Smoke and Mirrors 3'}, {'hex_value': '#111111', 'colour_name': 'Smoke and Mirrors 4'}, {'hex_value': '#f3d4ca', 'colour_name': 'Morning Java 1'}, {'hex_value': '#784a4a', 'colour_name': 'Morning Java 1'}, {'hex_value': '#f3d4ca', 'colour_name': 'Morning Java 1'}, {'hex_value': '#784a4a', 'colour_name': 'Morning Java 2'}, {'hex_value': '#aa753d', 'colour_name': 'Morning Java 3'}, {'hex_value': '#553240', 'colour_name': 'Morning Java 4'}, {'hex_value': '#f7f2cd', 'colour_name': 'On Safari 1'}, {'hex_value': '#6b765c', 'colour_name': 'On Safari 2'}, {'hex_value': '#978a4e', 'colour_name': 'On Safari 3'}, {'hex_value': '#4a4b38', 'colour_name': 'On Safari 4'}, {'hex_value': '#fde6ee', 'colour_name': 'Going Steady 1'}, {'hex_value': '#643d67', 'colour_name': 'Going Steady 2'}, {'hex_value': '#c3a3ba', 'colour_name': 'Going Steady 3'}, {'hex_value': '#473e4d', 'colour_name': 'Going Steady 4'}, {'hex_value': '#fee6d3', 'colour_name': 'Teddy Bear 1'}, {'hex_value': '#996a57', 'colour_name': 'Teddy Bear 2'}, {'hex_value': '#ae7e65', 'colour_name': 'Teddy Bear 3'}, {'hex_value': '#6b3f22', 'colour_name': 'Teddy Bear 4'}, {'hex_value': '#fbf8f0', 'colour_name': ""Jenna's Essentials 1""}, {'hex_value': '#5b4b3f', 'colour_name': ""Jenna's Essentials 2""}, {'hex_value': '#cfb6a6', 'colour_name': ""Jenna's Essentials 3""}, {'hex_value': '#383838', 'colour_name': ""Jenna's Essentials 4""}]"
808,clinique,Chubby Stick&trade; Shadow Tint For Eyes,17.5,$,USD,https://www.clinique.com/media/export/cms/products/181x209/clq_7NYF01_181x209.png,https://www.clinique.com/product/1598/22855/makeup/eye-shadows/chubby-stick-shadow-tint-for-eyes,https://www.clinique.com,"Sheer wash of lightweight, creamy colour slips on. Layerable and long-wearing. Versatile, too.",,pencil,eyeshadow,[],2017-12-23T23:35:13.780Z,2017-12-26T01:07:49.416Z,http://makeup-api.herokuapp.com/api/v1/products/808.json,//s3.amazonaws.com/donovanbailey/products/api_featured_images/000/000/808/original/data?1514072321,"[{'hex_value': '#fff9bd', 'colour_name': 'Grandest Gold'}, {'hex_value': '#f0c6b0', 'colour_name': 'Bountiful Beige'}, {'hex_value': '#714a3a', 'colour_name': 'Fuller Fudge'}, {'hex_value': '#c89274', 'colour_name': 'Ample Amber'}, {'hex_value': '#efa9ad', 'colour_name': 'Pink & Plenty'}, {'hex_value': '#776933', 'colour_name': 'Whopping Willow'}, {'hex_value': '#6b785c', 'colour_name': 'Mighty Moss'}, {'hex_value': '#e47c6e', 'colour_name': 'Biggest Blossom'}, {'hex_value': '#a18baa', 'colour_name': 'Lavish Lilac'}, {'hex_value': '#a78b97', 'colour_name': 'Oversized Orchid'}, {'hex_value': '#4399bc', 'colour_name': 'Big Blue'}, {'hex_value': '#8c6f62', 'colour_name': ""Lots o' Latte""}, {'hex_value': '#558c7f', 'colour_name': 'Two Ton Teal'}, {'hex_value': '#4d434c', 'colour_name': 'Curvaceous Coal'}, {'hex_value': '#765074', 'colour_name': 'Portly Plum'}, {'hex_value': '#2f4168', 'colour_name': 'Massive Midnight'}]"
809,clinique,All About Shadow&trade; Single,16.5,$,USD,https://www.clinique.com/media/export/cms/products/181x209/clq_7PWG_181x209.png,https://www.clinique.com/product/1598/27031/makeup/eye-shadows/all-about-shadow-single,https://www.clinique.com,"Creamy colour glides on in one smooth stroke. Longwearing. Crease- and fade-resistant, too. Ophthalmologist tested for even the most sensitive eyes and contact lens wearers. Mirrored compact comes with a sponge-tip applicator.",,,eyeshadow,[],2017-12-23T23:35:14.522Z,2017-12-23T23:38:42.444Z,http://makeup-api.herokuapp.com/api/v1/products/809.json,//s3.amazonaws.com/donovanbailey/products/api_featured_images/000/000/809/original/data?1514072322,"[{'hex_value': '#f8f5f3', 'colour_name': 'Sugar Cane'}, {'hex_value': '#f2c5da', 'colour_name': 'Angel Eyes '}, {'hex_value': '#e2ac83', 'colour_name': 'Daybreak'}, {'hex_value': '#ae6950', 'colour_name': 'Sunset Glow'}, {'hex_value': '#a0746c', 'colour_name': 'Nude Rose'}, {'hex_value': '#5b4540', 'colour_name': 'Portobello'}, {'hex_value': '#af849e', 'colour_name': 'Lavender Out Loud'}, {'hex_value': '#d699bb', 'colour_name': 'Bubble Bath'}, {'hex_value': '#d27948', 'colour_name': 'At Dusk'}, {'hex_value': '#edd5c5', 'colour_name': 'French Vanilla'}, {'hex_value': '#9d9744', 'colour_name': 'Lemongrass'}, {'hex_value': '#919697', 'colour_name': 'Silver Lining'}, {'hex_value': '#5c745f', 'colour_name': 'Pacific Coast'}, {'hex_value': '#85748a', 'colour_name': 'Rock Violet'}, {'hex_value': '#834589', 'colour_name': 'Purple Pumps'}, {'hex_value': '#839bc0', 'colour_name': 'Lagoon'}, {'hex_value': '#212f68', 'colour_name': 'Deep Dive'}, {'hex_value': '#34391c', 'colour_name': 'Black Jade'}, {'hex_value': '#886a5a', 'colour_name': 'Foxier'}, {'hex_value': '#443022', 'colour_name': 'French Roast'}, {'hex_value': '#541c2f', 'colour_name': 'Chocolate Covered Cherry'}, {'hex_value': '#6c352f', 'colour_name': 'Black Honey'}, {'hex_value': '#4c434d', 'colour_name': 'Graphite'}, {'hex_value': '#362307', 'colour_name': 'Olive in My Martini'}, {'hex_value': '#241607', 'colour_name': 'Stroke of Midnight'}]"
810,clinique,Lid Pop™,18.0,$,USD,https://www.clinique.com/media/export/cms/products/181x209/clq_ZKJT02_181x209.png,https://www.clinique.com/product/1598/39911/makeup/eye-shadows/lid-poptm,https://www.clinique.com,"Silky, long-wearing eye shadow delivers an instant pop of colour for a virtually powderless look. Builds and blends easily to a customizable level of intensity. Appropriate for contact lens wearers and sensitive eyes.",,,eyeshadow,[],2017-12-23T23:35:15.246Z,2017-12-23T23:38:42.733Z,http://makeup-api.herokuapp.com/api/v1/products/810.json,//s3.amazonaws.com/donovanbailey/products/api_featured_images/000/000/810/original/open-uri20171223-4-pewgcj?1514072322,"[{'hex_value': '#855371', 'colour_name': 'Grape Pop'}, {'hex_value': '#e3a595', 'colour_name': 'Cream Pop'}, {'hex_value': '#f5939a', 'colour_name': 'Petal Pop'}, {'hex_value': '#fed1b9', 'colour_name': 'Vanilla Pop'}, {'hex_value': '#20367e', 'colour_name': 'Surf Pop'}, {'hex_value': '#008b97', 'colour_name': 'Aqua Pop'}, {'hex_value': '#836a42', 'colour_name': 'Willow Pop'}, {'hex_value': '#68463e', 'colour_name': 'Cocoa Pop'}]"
811,clinique,Touch Base For Eyes&trade;,17.0,$,USD,https://www.clinique.com/media/export/cms/products/181x209/clq_6339_181x209.png,https://www.clinique.com/product/1598/5169/makeup/eye-shadows/touch-base-for-eyes,https://www.clinique.com,"No smearing, no fading, no creasing. Stays on until washed off. Versatile, creamy formula can be worn alone or layered under other eye shadows to give them more staying power. Acts as a holding base for powder shadow, helps it last longer. Ophthalmologist tested.",,,eyeshadow,[],2017-12-23T23:35:15.541Z,2017-12-23T23:38:43.035Z,http://makeup-api.herokuapp.com/api/v1/products/811.json,//s3.amazonaws.com/donovanbailey/products/api_featured_images/000/000/811/original/data?1514072322,"[{'hex_value': '#efd4b9', 'colour_name': 'Canvas Light'}, {'hex_value': '#E9BFB5', 'colour_name': 'Petal Shimmer'}, {'hex_value': '#C8967D', 'colour_name': 'Buff Lighting'}, {'hex_value': '#c98c7f', 'colour_name': 'Nude Rose'}, {'hex_value': '#b69888', 'colour_name': 'Canvas'}]"
812,clinique,Lid Smoothie&trade; Antioxidant 8-Hour Eye Colour,21.0,$,USD,https://www.clinique.com/media/export/cms/products/181x209/clq_791P01_181x209.png,https://www.clinique.com/product/1598/18485/makeup/eye-shadows/lid-smoothie-antioxidant-8-hour-eye-colour,https://www.clinique.com,"Creamy, crease-resistant eye colour wears for 8 hours. Instantly cools thanks to a unique applicator. Nourishing ingredients coax fine lid lines into a blanket of smoothness. Antioxidants help protect eye-area skin.",,,eyeshadow,[],2017-12-23T23:35:15.755Z,2017-12-23T23:38:43.316Z,http://makeup-api.herokuapp.com/api/v1/products/812.json,//s3.amazonaws.com/donovanbailey/products/api_featured_images/000/000/812/original/data?1514072323,"[{'hex_value': '#e9bc97', 'colour_name': ""Bit O'Honey""}, {'hex_value': '#cbb1a6', 'colour_name': 'Cashew Later'}, {'hex_value': '#8F8979', 'colour_name': 'Cute-cumber'}, {'hex_value': '#A5726F', 'colour_name': 'Pinkgo Biloba'}, {'hex_value': '#7F5B4F', 'colour_name': 'Seventh Heather'}]"
813,clinique,All About Shadow&trade; Primer for Eyes,21.0,$,USD,https://www.clinique.com/media/export/cms/products/181x209/clq_7W5C_181x209.png,https://www.clinique.com/product/1598/27035/makeup/eye-shadows/all-about-shadow-primer-for-eyes,https://www.clinique.com,Skin-toned colour primer preps lids for improved shadow application and wear. Creates a neutral base that holds All About Shadow eye colour in place for up to 12 hours. Can be worn alone for a natural yet perfected look. Appropriate for sensitive eyes and contact lens wearers. Ophthalmologist tested.,,,eyeshadow,[],2017-12-23T23:35:16.052Z,2017-12-23T23:38:43.601Z,http://makeup-api.herokuapp.com/api/v1/products/813.json,//s3.amazonaws.com/donovanbailey/products/api_featured_images/000/000/813/original/data?1514072323,"[{'hex_value': '#decdaf', 'colour_name': 'Very Fair'}, {'hex_value': '#bc9b72', 'colour_name': 'Moderately Fair'}, {'hex_value': '#7c4e10', 'colour_name': 'Deep'}]"
814,clinique,Pretty Easy™ Eye Palette,22.25,$,USD,https://www.clinique.com/media/export/cms/products/181x209/clq_ZJPL01_181x209.png,https://www.clinique.com/product/1598/38686/makeup/eye-shadows/pretty-easytm-eye-palette,https://www.clinique.com,"Clinique's Pretty Easy Eye Palette comes with eight shades of long-wearing All About Shadow in a variety of finishes. For instant lashline definition, there's Skinny Stick, our no-sharpener-required eye liner in two must-have shades. Create your own custom eye looks or follow the illustrated how-tos.",,palette,eyeshadow,[],2017-12-23T23:35:16.300Z,2017-12-26T00:33:00.462Z,http://makeup-api.herokuapp.com/api/v1/products/814.json,//s3.amazonaws.com/donovanbailey/products/api_featured_images/000/000/814/original/data?1514072323,"[{'hex_value': '#EACFB4', 'colour_name': 'color 1'}, {'hex_value': '#D7BAA1', 'colour_name': 'color 2'}, {'hex_value': '#8F6A57', 'colour_name': 'color 3'}, {'hex_value': '#5C443A', 'colour_name': 'color 4'}, {'hex_value': '#CCC3B6', 'colour_name': 'color 5'}, {'hex_value': '#473F3E', 'colour_name': 'color 6'}, {'hex_value': '#F0DFCC', 'colour_name': 'color 7'}, {'hex_value': '#CCBAAA', 'colour_name': 'color 8'}]"
815,clinique,Wear Everywhere Neutrals All About Shadow&trade; 8-Pan Palette,37.0,$,USD,https://www.clinique.com/media/export/cms/products/181x209/clq_ZCAE02_181x209.png,https://www.clinique.com/product/1598/33862/makeup/eye-shadows/wear-everywhere-neutrals-all-about-shadow-8-pan-palette,https://www.clinique.com,"Versatile eye shadow palettes are perfect for day… amped up for night when you layer multiple shades for extra depth and dimension. Long-wearing shades are crease- and fade-resistant. Ophthalmologist tested, too.",,palette,eyeshadow,[],2017-12-23T23:35:16.485Z,2017-12-26T00:33:00.434Z,http://makeup-api.herokuapp.com/api/v1/products/815.json,//s3.amazonaws.com/donovanbailey/products/api_featured_images/000/000/815/original/data?1514072324,"[{'hex_value': '#F7E2D1,#673E2C,#DBAA95,#CDB298', 'colour_name': 'Nudes'}, {'hex_value': '#FDE7F2,#65415E,#C0B5BB,#E6BFD6', 'colour_name': 'Pinks'}, {'hex_value': '#D4DAD4,#92A799,#7D7253,#5B664F', 'colour_name': 'Greens'}, {'hex_value': '#D9CED6,#C1C5CB,#8A788A,#4E4951', 'colour_name': 'Greys'}, {'hex_value': '#DDDFE4,#4C5060,#4B4A6A,#94838C', 'colour_name': 'Blues'}]"
816,clinique,Super City Block™ BB Cushion Compact Broad Spectrum SPF 50 Refill,25.0,$,USD,https://www.clinique.com/media/export/cms/products/181x209/clq_ZLE601_181x209.png,https://www.clinique.com/product/1599/41917/makeup/foundations/super-city-blocktm-bb-cushion-compact-broad-spectrum-spf-50-refill,https://www.clinique.com,"Everything skin needs to face city life—flawlessly. Buildable, breathable fluid makeup feels cool and weightless on skin, yet delivers a lasting natural-matte finish. High-level SPF and antioxidants help protect against skin-damaging UV, impurities and environmental aggressors. All in a ready-to-go compact with puff applicator.",,,foundation,[],2017-12-23T23:42:55.887Z,2017-12-23T23:43:18.606Z,http://makeup-api.herokuapp.com/api/v1/products/816.json,//s3.amazonaws.com/donovanbailey/products/api_featured_images/000/000/816/original/data?1514072598,"[{'hex_value': '#AA754E', 'colour_name': 'Deep'}, {'hex_value': '#E5B091', 'colour_name': 'Medium'}, {'hex_value': '#F4C3A7', 'colour_name': 'Moderately Fair'}]"
817,clinique,Age Defense BB Cream<BR>Broad Spectrum SPF 30,38.5,$,USD,https://www.clinique.com/media/export/cms/products/181x209/clq_7KYL01_181x209.png,https://www.clinique.com/product/11480/19517/makeup/foundations/bb-and-cc-cream/age-defense-bb-creambroad-spectrum-spf-30,https://www.clinique.com,This instant morning routine gives skin just about everything it needs for a quick start.,,bb_cc,foundation,[],2017-12-23T23:42:56.363Z,2017-12-23T23:43:01.037Z,http://makeup-api.herokuapp.com/api/v1/products/817.json,//s3.amazonaws.com/donovanbailey/products/api_featured_images/000/000/817/original/data?1514072580,"[{'hex_value': '#EABDAD', 'colour_name': 'Shade 01'}, {'hex_value': '#CFA187', 'colour_name': 'Shade 02'}, {'hex_value': '#C99B80', 'colour_name': 'Shade 03'}, {'hex_value': '#8E5128', 'colour_name': 'Shade 04'}]"
818,clinique,Acne Solutions BB Cream Broad Spectrum SPF 40,39.0,$,USD,https://www.clinique.com/media/export/cms/products/181x209/clq_Z54E_181x209.png,https://www.clinique.com/product/1599/35075/makeup/foundations/acne-solutions-bb-cream-broad-spectrum-spf-40,https://www.clinique.com,"A mattifying BB Cream specifically developed for blemish-prone or oily skins. Combines oil control, buildable coverage and UVA/UVB protection for a protected, shine-free complexion. Lightweight, shake-well formula delivers a freshly-mixed application every time. Wears beautifully for 12-hours. Oil-free.",,,foundation,[],2017-12-23T23:42:56.921Z,2017-12-23T23:43:09.229Z,http://makeup-api.herokuapp.com/api/v1/products/818.json,//s3.amazonaws.com/donovanbailey/products/api_featured_images/000/000/818/original/data?1514072589,"[{'hex_value': '#e3b59a', 'colour_name': 'Light'}, {'hex_value': '#ddad92', 'colour_name': 'Light Medium'}, {'hex_value': '#d07e4a', 'colour_name': 'Medium'}, {'hex_value': '#c57542', 'colour_name': 'Medium Deep'}, {'hex_value': '#b86530', 'colour_name': 'Deep'}]"
819,clinique,Moisture Surge&trade; CC Cream Hydrating Colour Corrector Broad Spectrum SPF 30,39.0,$,USD,https://www.clinique.com/media/export/cms/products/181x209/clq_7WCP_181x209.png,https://www.clinique.com/product/11480/25255/makeup/foundations/bb-and-cc-cream/moisture-surge-cc-cream-hydrating-colour-corrector-broad-spectrum-spf-30,https://www.clinique.com,"One simple step for glowing skin. Lightweight formula instantly colour corrects a range of complexion concerns - redness, dullness, sallowness - so all you see is a healthy-looking glow. Oil-free hydration and sunscreen mean a more flawless look tomorrow, too.  Each versatile shade is appropriate for a range of skin tones and undertones.",,bb_cc,foundation,[],2017-12-23T23:42:57.309Z,2017-12-23T23:43:02.228Z,http://makeup-api.herokuapp.com/api/v1/products/819.json,//s3.amazonaws.com/donovanbailey/products/api_featured_images/000/000/819/original/data?1514072582,"[{'hex_value': '#EAB087', 'colour_name': 'Very Light'}, {'hex_value': '#E6A272', 'colour_name': 'Light'}, {'hex_value': '#E2935C', 'colour_name': 'Light Medium'}, {'hex_value': '#D38A56', 'colour_name': 'Medium Deep'}, {'hex_value': '#8E5128', 'colour_name': 'Deep'}, {'hex_value': '#DC8E59', 'colour_name': 'Medium'}]"
820,clinique,Beyond Perfecting&trade; Super Concealer Camouflage + 24-Hour Wear,19.5,$,USD,https://www.clinique.com/media/export/cms/products/181x209/clq_K2HW01_181x209.png,https://www.clinique.com/product/1596/50424/makeup/concealers/beyond-perfecting-super-concealer-camouflage-24-hour-wear,https://www.clinique.com,"Cover up without touching up for 24 life-proof hours. Instantly and easily blends into skin to flawlessly conceal imperfections. Transfer-resistant formula stays put—even through sweat and humidity. Provides immediate hydration to keep eye-area skin feeling comfortable, looking fresh and natural. 18 shades in total—including a must-have apricot-colored corrector shade to help tackle dark circles and discolorations.",,concealer,foundation,[],2017-12-23T23:42:57.925Z,2017-12-23T23:43:02.839Z,http://makeup-api.herokuapp.com/api/v1/products/820.json,//s3.amazonaws.com/donovanbailey/products/api_featured_images/000/000/820/original/data?1514072582,"[{'hex_value': '#E8B99A', 'colour_name': 'Very Fair 02'}, {'hex_value': '#E9B894', 'colour_name': 'Very Fair 04'}, {'hex_value': '#E4AD85', 'colour_name': 'Very Fair 05'}, {'hex_value': '#E3AB7F', 'colour_name': 'Very Fair 06'}, {'hex_value': '#DFAC8B', 'colour_name': 'Very Fair 07'}, {'hex_value': '#E4AD87', 'colour_name': 'Very Fair 08'}, {'hex_value': '#DCA68A', 'colour_name': 'Moderately Fair 10'}, {'hex_value': '#CF916B', 'colour_name': 'Moderately Fair 12'}, {'hex_value': '#D59972', 'colour_name': 'Moderately Fair 14'}, {'hex_value': '#D3936C', 'colour_name': 'Medium 16'}, {'hex_value': '#CD9571', 'colour_name': 'Medium 18'}, {'hex_value': '#C58F64', 'colour_name': 'Medium 20'}, {'hex_value': '#BF8562', 'colour_name': 'Medium 22'}, {'hex_value': '#CB8964', 'colour_name': 'Medium 15'}, {'hex_value': '#BA7F53', 'colour_name': 'Deep 24'}, {'hex_value': '#E5855E', 'colour_name': 'Apricot Corrector'}, {'hex_value': '#996454', 'colour_name': 'Deep 26'}, {'hex_value': '#8b594c', 'colour_name': 'Deep 28'}]"
821,clinique,Continuous Coverage Makeup Broad Spectrum SPF 15,26.0,$,USD,https://www.clinique.com/media/export/cms/products/181x209/clq_647G_181x209.png,https://www.clinique.com/product/1599/5642/makeup/foundations/continuous-coverage-makeup-broad-spectrum-spf-15,https://www.clinique.com,,,,foundation,[],2017-12-23T23:42:58.476Z,2017-12-23T23:43:20.842Z,http://makeup-api.herokuapp.com/api/v1/products/821.json,//s3.amazonaws.com/donovanbailey/products/api_featured_images/000/000/821/original/data?1514072600,"[{'hex_value': '#DAAD88', 'colour_name': 'Creamy Glow'}, {'hex_value': '#D9A584', 'colour_name': 'Porcelain Glow'}, {'hex_value': '#CE9D78', 'colour_name': 'Natural Honey Glow'}, {'hex_value': '#E4B69D', 'colour_name': 'Ivory Glow'}]"
822,clinique,Airbrush Concealer&trade;,22.0,$,USD,https://www.clinique.com/media/export/cms/products/181x209/clq_6CM2_181x209.png,https://www.clinique.com/product/1596/5011/makeup/concealers/airbrush-concealer,https://www.clinique.com,"Instantly helps soften the look of fine lines and wrinkles. Light-diffusing optics brighten shadows. Creamy, light formula flows through for smooth brush-on, precision application. Ophthalmologist tested.",,concealer,foundation,[],2017-12-23T23:42:59.147Z,2017-12-23T23:43:03.833Z,http://makeup-api.herokuapp.com/api/v1/products/822.json,//s3.amazonaws.com/donovanbailey/products/api_featured_images/000/000/822/original/data?1514072583,"[{'hex_value': '#FFBEB0', 'colour_name': 'Fair'}, {'hex_value': '#F7B9AC', 'colour_name': 'NEW Illuminator'}, {'hex_value': '#F7CDA1', 'colour_name': 'NEW Fair Cream'}, {'hex_value': '#E8BE92', 'colour_name': 'NEW Neutral Cream'}, {'hex_value': '#E7B295', 'colour_name': 'NEW Light Honey'}, {'hex_value': '#DCAC8A', 'colour_name': 'Neutral Fair'}, {'hex_value': '#DCB08C', 'colour_name': 'NEW Medium Deep'}, {'hex_value': '#D1997B', 'colour_name': 'NEW Medium Caramel'}, {'hex_value': '#B17439', 'colour_name': 'NEW Golden Honey'}, {'hex_value': '#BC6A21', 'colour_name': 'NEW Deep Caramel'}, {'hex_value': '#AE631B', 'colour_name': 'NEW Deeper Caramel'}, {'hex_value': '#F99673', 'colour_name': 'Medium'}]"
823,clinique,Advanced Concealer,20.0,$,USD,https://www.clinique.com/media/export/cms/products/181x209/clq_6296_181x209.png,https://www.clinique.com/product/1596/6278/makeup/concealers/advanced-concealer,https://www.clinique.com,"Cream-to-powder concealer delivers long-lasting, intensive camouflage. With daily use, helps firm and smooth. Won't creep or fade. Ophthalmologist tested.",,concealer,foundation,[],2017-12-23T23:42:59.720Z,2017-12-23T23:43:04.510Z,http://makeup-api.herokuapp.com/api/v1/products/823.json,//s3.amazonaws.com/donovanbailey/products/api_featured_images/000/000/823/original/data?1514072584,"[{'hex_value': '#CC9D82', 'colour_name': 'Matte Light'}]"
824,clinique,All About Eyes&trade; Concealer,20.0,$,USD,https://www.clinique.com/media/export/cms/products/181x209/clq_6FKW_181x209.png,https://www.clinique.com/product/1596/5161/makeup/concealers/all-about-eyes-concealer,https://www.clinique.com,,,concealer,foundation,[],2017-12-23T23:43:00.157Z,2017-12-23T23:43:04.907Z,http://makeup-api.herokuapp.com/api/v1/products/824.json,//s3.amazonaws.com/donovanbailey/products/api_featured_images/000/000/824/original/data?1514072584,"[{'hex_value': '#F1CFB2', 'colour_name': 'Light Neutral'}, {'hex_value': '#E7BFA1', 'colour_name': 'Light Petal'}, {'hex_value': '#E2B18C', 'colour_name': 'Medium Petal'}, {'hex_value': '#DAA16D', 'colour_name': 'Medium Beige'}, {'hex_value': '#D49167', 'colour_name': 'Medium Honey'}, {'hex_value': '#A77A55', 'colour_name': 'Deep Golden'}]"
825,clinique,Line Smoothing Concealer,20.0,$,USD,https://www.clinique.com/media/export/cms/products/181x209/clq_65EF_181x209.png,https://www.clinique.com/product/1596/6088/makeup/concealers/line-smoothing-concealer,https://www.clinique.com,"Oil-free formula actually ""bridges"" fine lines and wrinkles, smoothing and minimizing them for an instantly firmer look. Skin-brightening ingredients help counteract shadows, reduce redness, give skin more even tone. Ophthalmologist tested. Long-lasting, buildable.",,concealer,foundation,[],2017-12-23T23:43:00.823Z,2017-12-23T23:43:05.599Z,http://makeup-api.herokuapp.com/api/v1/products/825.json,//s3.amazonaws.com/donovanbailey/products/api_featured_images/000/000/825/original/data?1514072585,"[{'hex_value': '#D19C83', 'colour_name': 'Light'}, {'hex_value': '#C49381', 'colour_name': 'Moderately Fair'}, {'hex_value': '#AD7D68', 'colour_name': 'Medium'}, {'hex_value': '#BB9171', 'colour_name': 'Medium Beige'}, {'hex_value': '#C9916C', 'colour_name': 'Medium Honey'}, {'hex_value': '#916148', 'colour_name': 'Deep'}]"
826,clinique,Acne Solutions&trade; Clearing Concealer,18.0,$,USD,https://www.clinique.com/media/export/cms/products/181x209/clq_6N4T_181x209.png,https://www.clinique.com/product/1596/6045/makeup/concealers/acne-solutions-clearing-concealer,https://www.clinique.com,"Medicated concealer helps clear and prevent blemishes. Gentle, soothing formula provides natural-looking coverage as blemishes heal. In three skin tone shades to wear alone, under makeup or for touch-ups. Plus, a green tint to visually correct redness. Oil free.",,concealer,foundation,[],2017-12-23T23:43:01.437Z,2017-12-23T23:43:07.382Z,http://makeup-api.herokuapp.com/api/v1/products/826.json,//s3.amazonaws.com/donovanbailey/products/api_featured_images/000/000/826/original/data?1514072587,"[{'hex_value': '#EFD1B3', 'colour_name': 'Shade 01'}, {'hex_value': '#D5AA86', 'colour_name': 'Shade 03'}, {'hex_value': '#F0C9A0', 'colour_name': 'Shade 02'}]"
827,clinique,Even Better Glow&trade; Light Reflecting Makeup Broad Spectrum SPF 15,28.0,$,USD,https://www.clinique.com/media/export/cms/products/181x209/clq_ZY5X_181x209.png,https://www.clinique.com/product/1599/51043/makeup/foundations/even-better-glow-light-reflecting-makeup-broad-spectrum-spf-15,https://www.clinique.com,"Moisturizing foundation instantly creates a natural radiance with subtle luminizing pigments. Wear it every day and over time bare skin glows on its own, thanks to vitamin C. Broad spectrum SPF 15 helps prevent future dark spots. Long-wearing, oil-free.",,,foundation,[],2017-12-23T23:43:02.251Z,2017-12-23T23:43:08.264Z,http://makeup-api.herokuapp.com/api/v1/products/827.json,//s3.amazonaws.com/donovanbailey/products/api_featured_images/000/000/827/original/data?1514072588,"[{'hex_value': '#F0C5A8', 'colour_name': 'CN 02 Breeze'}, {'hex_value': '#F9C096', 'colour_name': 'WN 04 Bone'}, {'hex_value': '#DAA781', 'colour_name': 'CN 10 Alabaster'}, {'hex_value': '#E8AE76', 'colour_name': 'WN 12 Meringue'}, {'hex_value': '#E5AF84', 'colour_name': 'CN 20 Fair'}, {'hex_value': '#EDAB76', 'colour_name': 'WN 22 Ecru'}, {'hex_value': '#EFC09C', 'colour_name': 'CN 28 Ivory'}, {'hex_value': '#D19567', 'colour_name': 'WN 30 Biscuit'}, {'hex_value': '#E2B284', 'colour_name': 'WN 38 Stone'}, {'hex_value': '#D7A681', 'colour_name': 'CN 40 Cream Chamois'}, {'hex_value': '#E1A980', 'colour_name': 'WN 44 Tea'}, {'hex_value': '#D49863', 'colour_name': 'WN 48 Oat'}, {'hex_value': '#E7AF89', 'colour_name': 'CN 52 Neutral'}, {'hex_value': '#D69565', 'colour_name': 'WN 54 Honey Wheat'}, {'hex_value': '#D99F6E', 'colour_name': 'CN 58 Honey'}, {'hex_value': '#D1966D', 'colour_name': 'CN 62 Porcelain Beige'}, {'hex_value': '#CB8E57', 'colour_name': 'WN 68 Brulee'}, {'hex_value': '#D9A783', 'colour_name': 'CN 70 Vanilla'}, {'hex_value': '#C3885F', 'colour_name': 'CN 74 Beige'}, {'hex_value': '#D49D6D', 'colour_name': 'WN 76 Toasted Wheat'}, {'hex_value': '#CC986E', 'colour_name': 'CN 90 Sand'}, {'hex_value': '#CB8A5A', 'colour_name': 'WN 92 Toasted Almond'}, {'hex_value': '#BD7749', 'colour_name': 'WN 94 Deep Neutral'}, {'hex_value': '#C78A4C', 'colour_name': 'WN 98 Cream Caramel'}, {'hex_value': '#BF7426', 'colour_name': 'WN 112 Ginger'}, {'hex_value': '#AF7442', 'colour_name': 'WN 114 Golden'}, {'hex_value': '#B26B35', 'colour_name': 'WN 118 Amber'}, {'hex_value': '#935732', 'colour_name': 'WN 122 Clove'}, {'hex_value': '#985825', 'colour_name': 'WN 124 Sienna '}, {'hex_value': '#7C431D', 'colour_name': 'CN 126 Espresso'}]"
828,clinique,Clinique BIY&trade; Blend It Yourself Pigment Drops,33.0,$,USD,https://www.clinique.com/media/export/cms/products/181x209/clq_ZWXK0A_181x209.png,https://www.clinique.com/product/1599/45511/makeup/foundations/clinique-biy-blend-it-yourself-pigment-drops,https://www.clinique.com,"Transform your favorite moisturizer into a BB, CC or fuller-coverage foundation. One drop of Clinique BIY™ Blend It Yourself Pigment Drops creates sheer cover. Two or three, a flawless finish. Since Clinique BIY takes on the finish of the moisturizer you blend it with, expect a more matte finish with a mattifying moisturizer. Or a more dewy, radiant finish when blended with a moisturizer that contains optics.",,,foundation,[],2017-12-23T23:43:03.609Z,2017-12-23T23:43:09.608Z,http://makeup-api.herokuapp.com/api/v1/products/828.json,//s3.amazonaws.com/donovanbailey/products/api_featured_images/000/000/828/original/data?1514072589,"[{'hex_value': '#F7E1CD', 'colour_name': 'BIY 105'}, {'hex_value': '#F4D0B6', 'colour_name': 'BIY 110'}, {'hex_value': '#EDD2BD', 'colour_name': 'BIY 115'}, {'hex_value': '#E6C4AB', 'colour_name': 'BIY 120'}, {'hex_value': '#DCAE8A', 'colour_name': 'BIY 125'}, {'hex_value': '#D6AB8F', 'colour_name': 'BIY 130'}, {'hex_value': '#DFB28E', 'colour_name': 'BIY 135'}, {'hex_value': '#C89575', 'colour_name': 'BIY 140'}, {'hex_value': '#D0AC8C', 'colour_name': 'BIY 145'}, {'hex_value': '#CD924F', 'colour_name': 'BIY 150'}, {'hex_value': '#B2773D', 'colour_name': 'BIY 155'}, {'hex_value': '#9D6327', 'colour_name': 'BIY 160'}, {'hex_value': '#C28165', 'colour_name': 'BIY Bronze'}]"
829,clinique,Almost Powder Makeup,28.0,$,USD,https://www.clinique.com/media/export/cms/products/181x209/clq_6MPY02_181x209.png,https://www.clinique.com/product/1599/47832/makeup/foundations/almost-powder-makeup,https://www.clinique.com,"More than minerals. Skin looks, acts happier. Long-wear formula helps keep pores out of trouble. Antioxidants protect skin. This natural, perfecting ""no-makeup"" makeup is so lightweight, you'll never even feel it. So foolproof, you can apply it with a sponge, a brush-and almost with your eyes closed.",,,foundation,[],2017-12-23T23:43:04.222Z,2017-12-23T23:43:10.090Z,http://makeup-api.herokuapp.com/api/v1/products/829.json,//s3.amazonaws.com/donovanbailey/products/api_featured_images/000/000/829/original/open-uri20171223-4-1gzylfl?1514072590,"[{'hex_value': '#EACAB1', 'colour_name': '01 Fair'}, {'hex_value': '#E6D1BB', 'colour_name': '02 Neutral Fair'}, {'hex_value': '#DCB286', 'colour_name': '03 Light'}, {'hex_value': '#DBB190', 'colour_name': '04 Neutral'}, {'hex_value': '#D5A179', 'colour_name': '05 Medium'}, {'hex_value': '#D7AA8E', 'colour_name': '06 Deep'}]"
830,clinique,CliniqueFIT™ Workout Makeup Broad Spectrum SPF 40,29.5,$,USD,https://www.clinique.com/media/export/cms/products/181x209/clq_K4NG01_181x209.png,https://www.clinique.com/product/1599/50973/makeup/foundations/cliniquefittm-workout-makeup-broad-spectrum-spf-40,https://www.clinique.com,"Lightweight, sweat- and humidity-proof foundation that keeps up with your highly active life. Medium coverage, natural-matte finish wears for 12 long-lasting hours. Protects with SPF 40. Won’t clog pores or cause breakouts. Oil-free.",,,foundation,[],2017-12-23T23:43:04.821Z,2017-12-23T23:43:10.591Z,http://makeup-api.herokuapp.com/api/v1/products/830.json,//s3.amazonaws.com/donovanbailey/products/api_featured_images/000/000/830/original/data?1514072590,"[{'hex_value': '#e3b59a', 'colour_name': '01 Light'}, {'hex_value': '#ddad92', 'colour_name': '03 Light Medium'}, {'hex_value': '#d07e4a', 'colour_name': '05 Medium'}, {'hex_value': '#b86530', 'colour_name': '07 Deep'}]"
831,clinique,Beyond Perfecting&trade; Foundation + Concealer,28.0,$,USD,https://www.clinique.com/media/export/cms/products/181x209/clq_Z9FF_181x209.png,https://www.clinique.com/product/1599/34817/makeup/foundations/beyond-perfecting-foundation-concealer,https://www.clinique.com,"A foundation-and-concealer in one for a natural, beyond perfected look that lasts all day. Lightweight, moisturizing makeup covers thoroughly without clogging pores. Skin breathes comfortably, colour stays true, even through sweat and humidity.",,,foundation,[],2017-12-23T23:43:05.203Z,2017-12-23T23:43:11.024Z,http://makeup-api.herokuapp.com/api/v1/products/831.json,//s3.amazonaws.com/donovanbailey/products/api_featured_images/000/000/831/original/data?1514072590,"[{'hex_value': '#FFE6CB', 'colour_name': '0.5 Breeze'}, {'hex_value': '#F3D6BF', 'colour_name': '01 Linen'}, {'hex_value': '#F0C9AE', 'colour_name': '02 Alabaster'}, {'hex_value': '#E6BC9F', 'colour_name': '06 Ivory'}, {'hex_value': '#E9BC98', 'colour_name': '04 Cream Whip'}, {'hex_value': '#F1BF9E', 'colour_name': '05 Fair'}, {'hex_value': '#F0C7AB', 'colour_name': '6.5 Buttermilk '}, {'hex_value': '#E2B186', 'colour_name': '08 Golden Neutral'}, {'hex_value': '#E3A97A', 'colour_name': '7.5 Tea'}, {'hex_value': '#DAA878', 'colour_name': '11 Honey'}, {'hex_value': '#DBAC82', 'colour_name': '5.75 Cork'}, {'hex_value': '#E6AD7F', 'colour_name': '5.5 Ecru'}, {'hex_value': '#E3B28F', 'colour_name': '6.75 Sesame'}, {'hex_value': '#D6A683', 'colour_name': '14 Vanilla'}, {'hex_value': '#d28f6b', 'colour_name': '15 Beige'}, {'hex_value': '#DCA27B', 'colour_name': '8.25 Oat'}, {'hex_value': '#DEB193', 'colour_name': '07 Cream Chamois'}, {'hex_value': '#DCAB86', 'colour_name': '09 Neutral'}, {'hex_value': '#D9A373', 'colour_name': '10 Honey Wheat'}, {'hex_value': '#CE9465', 'colour_name': '17 Nutty'}, {'hex_value': '#C2895D', 'colour_name': '16 Toasted Wheat'}, {'hex_value': '#C99B71', 'colour_name': '18 Sand'}, {'hex_value': '#C8874E', 'colour_name': '21 Cream Caramel'}, {'hex_value': '#BE773D', 'colour_name': '23 Ginger'}, {'hex_value': '#B4753E', 'colour_name': '24 Golden'}, {'hex_value': '#995C27', 'colour_name': '26 Amber'}, {'hex_value': '#8E5230', 'colour_name': '28 Clove'}]"
832,clinique,Even Better&trade; Makeup Broad Spectrum SPF 15,28.0,$,USD,https://www.clinique.com/media/export/cms/products/181x209/clq_6MNY_181x209.png,https://www.clinique.com/product/1599/5276/makeup/foundations/even-better-makeup-broad-spectrum-spf-15,https://www.clinique.com,"Wear oil-free, dermatologist-developed Even Better Makeup SPF 15 and something amazing happens: Without any makeup, see improved clarity, a more even skin tone, visibly diminished age spots. For all ethnicities. In just 4 to 6 weeks. Broad spectrum SPF helps protect against future darkening. For continued benefits—even after you take it off—partner with Even Better Clinical Dark Spot Corrector.",,,foundation,[],2017-12-23T23:43:06.202Z,2017-12-23T23:43:11.821Z,http://makeup-api.herokuapp.com/api/v1/products/832.json,//s3.amazonaws.com/donovanbailey/products/api_featured_images/000/000/832/original/data?1514072591,"[{'hex_value': '#F3D6BF', 'colour_name': 'CN 08 Linen'}, {'hex_value': '#F0C9AE', 'colour_name': 'CN 10 Alabaster'}, {'hex_value': '#E9BD9C', 'colour_name': 'WN 16 Buff'}, {'hex_value': '#E9BC98', 'colour_name': 'CN 18 Cream Whip'}, {'hex_value': '#F1BF9E', 'colour_name': 'CN 20 Fair'}, {'hex_value': '#E6BC9F', 'colour_name': 'CN 28 Ivory'}, {'hex_value': '#DEB193', 'colour_name': 'CN 40 Cream Chamois'}, {'hex_value': '#DCAB86', 'colour_name': 'CN 52 Neutral'}, {'hex_value': '#E2B186', 'colour_name': 'WN 46 Golden Neutral'}, {'hex_value': '#E5B68B', 'colour_name': 'WN 56 Cashew'}, {'hex_value': '#DAA878', 'colour_name': 'CN 58 Honey'}, {'hex_value': '#D7A581', 'colour_name': 'CN 62 Porcelain Beige'}, {'hex_value': '#E0AD84', 'colour_name': 'WN 64 Butterscotch'}, {'hex_value': '#D6A683', 'colour_name': 'CN 70 Vanilla'}, {'hex_value': '#D09B73', 'colour_name': 'CN 74 Beige'}, {'hex_value': '#CE9465', 'colour_name': 'CN 78 Nutty'}, {'hex_value': '#D49C70', 'colour_name': 'WN 80 Tawnied Beige'}, {'hex_value': '#D29560', 'colour_name': 'WN 82 Latte'}, {'hex_value': '#C99B71', 'colour_name': 'CN 90 Sand'}, {'hex_value': '#D28E55', 'colour_name': 'WN 94 Deep Neutral'}, {'hex_value': '#C8874E', 'colour_name': 'WN 98 Cream Caramel'}, {'hex_value': '#C58342', 'colour_name': 'WN 104 Toffee'}, {'hex_value': '#BE773D', 'colour_name': 'WN 112 Ginger'}, {'hex_value': '#B4753E', 'colour_name': 'WN 114 Golden'}, {'hex_value': '#AD7044', 'colour_name': 'CN 116 Spice'}, {'hex_value': '#995C27', 'colour_name': 'WN 118 Amber'}, {'hex_value': '#A4653F', 'colour_name': 'WN 120 Pecan'}, {'hex_value': '#8E5230', 'colour_name': 'WN 122 Clove'}, {'hex_value': '#834E2E', 'colour_name': 'WN 124 Sienna'}, {'hex_value': '#623B2C', 'colour_name': 'CN 126 Espresso'}]"
833,clinique,Superbalanced™ Silk Makeup Broad Spectrum SPF 15,26.0,$,USD,https://www.clinique.com/media/export/cms/products/181x209/clq_ZGH401_181x209.png,https://www.clinique.com/product/1599/42938/makeup/foundations/superbalancedtm-silk-makeup-broad-spectrum-spf-15,https://www.clinique.com,"Slip on a silk-enriched makeup. Feel naked, yet covered to perfection. Control oil, yet hydrate where needed. Protect with SPF. Oil-free. Sheer to moderate coverage. Natural-matte finish. Ideal for Dry Combination to Oily Skin Types.",,,foundation,[],2017-12-23T23:43:07.121Z,2017-12-23T23:43:12.808Z,http://makeup-api.herokuapp.com/api/v1/products/833.json,//s3.amazonaws.com/donovanbailey/products/api_featured_images/000/000/833/original/data?1514072592,"[{'hex_value': '#FFE6CB', 'colour_name': '01 Silk Porcelain'}, {'hex_value': '#F0C9AE', 'colour_name': '02 Silk Shell'}, {'hex_value': '#E9BC98', 'colour_name': '03 Silk Bare'}, {'hex_value': '#F1BF9E', 'colour_name': '04 Silk Bisque'}, {'hex_value': '#E5BFA9', 'colour_name': '05 Silk Ivory'}, {'hex_value': '#F4CBB3', 'colour_name': '06 Silk Cream Chamois'}, {'hex_value': '#E2B186', 'colour_name': '07 Silk Sahara'}, {'hex_value': '#DCAB86', 'colour_name': '08 Silk Canvas'}, {'hex_value': '#E0B394', 'colour_name': '09 Silk Bamboo'}, {'hex_value': '#DAA878', 'colour_name': '10 Silk Honeymilk'}, {'hex_value': '#D7A581', 'colour_name': '11 Silk Sunny Beige'}, {'hex_value': '#E0AD84', 'colour_name': '12 Silk Maple'}, {'hex_value': '#E1BAA3', 'colour_name': '13 Silk Vanilla'}, {'hex_value': '#D09B73', 'colour_name': '14 Silk Suede'}, {'hex_value': '#C99B71', 'colour_name': '15 Silk Nutmeg'}, {'hex_value': '#c8874e', 'colour_name': '16 Silk Almond'}, {'hex_value': '#BE773D', 'colour_name': '17 Silk Cinnamon'}, {'hex_value': '#B4753E', 'colour_name': '18 Silk Sable'}, {'hex_value': '#995C27', 'colour_name': '19 Silk Brandy'}, {'hex_value': '#8E5230', 'colour_name': '20 Silk Cocoa '}]"
834,clinique,Stay-Matte Sheer Pressed Powder,26.0,$,USD,https://www.clinique.com/media/export/cms/products/181x209/clq_645J_181x209.png,https://www.clinique.com/product/1599/6069/makeup/foundations/stay-matte-sheer-pressed-powder,https://www.clinique.com,"Shine-absorbing, oil-free formula. Ultra-sheer texture gives skin a perfected matte appearance. Great for oily skin and oily spots. Maintains a fresh look and feel, even after frequent touch-ups.",,,foundation,[],2017-12-23T23:43:08.253Z,2017-12-23T23:43:13.612Z,http://makeup-api.herokuapp.com/api/v1/products/834.json,//s3.amazonaws.com/donovanbailey/products/api_featured_images/000/000/834/original/open-uri20171223-4-1b6qpa2?1514072593,"[{'hex_value': '#EAC6A7', 'colour_name': '18 Stay Cream'}, {'hex_value': '#CEA288', 'colour_name': '02 Stay Neutral'}, {'hex_value': '#D3AB93', 'colour_name': '01 Stay Buff'}, {'hex_value': '#C8977A', 'colour_name': '17 Stay Golden'}, {'hex_value': '#C29275', 'colour_name': '03 Stay Beige '}, {'hex_value': '#D09B74', 'colour_name': '19 Stay Suede'}, {'hex_value': '#B27857', 'colour_name': '05 Stay Spice'}, {'hex_value': '#A16F53', 'colour_name': '10 Stay Amber'}, {'hex_value': '#B57B5F', 'colour_name': '04 Stay Honey'}, {'hex_value': '#B17A58', 'colour_name': '20 Stay Nutmeg'}, {'hex_value': '#9D6B50', 'colour_name': '21 Stay Sienna'}, {'hex_value': '#84523A', 'colour_name': '11 Stay Brandy'}]"
835,clinique,Superbalanced&trade; Makeup,26.0,$,USD,https://www.clinique.com/media/export/cms/products/181x209/clq_60QH_181x209.png,https://www.clinique.com/product/1599/4989/makeup/foundations/superbalanced-makeup,https://www.clinique.com,"The smart makeup. Liquid foundation with adjustable, oil-free coverage provides moisture and absorbs oil when and where needed. Silky upon application.",,,foundation,[],2017-12-23T23:43:08.967Z,2017-12-23T23:43:14.142Z,http://makeup-api.herokuapp.com/api/v1/products/835.json,//s3.amazonaws.com/donovanbailey/products/api_featured_images/000/000/835/original/data?1514072594,"[{'hex_value': '#FFE6CB', 'colour_name': '32 Breeze'}, {'hex_value': '#FEDCBD', 'colour_name': '27 Alabaster'}, {'hex_value': '#F5D4B7', 'colour_name': '01 Petal'}, {'hex_value': '#F4D5BF', 'colour_name': '02 Fair'}, {'hex_value': '#F4CAA2', 'colour_name': '33 Cream'}, {'hex_value': '#E5BFA9', 'colour_name': '03 Ivory'}, {'hex_value': '#E2AD93', 'colour_name': '28 Light'}, {'hex_value': '#F4CBB3', 'colour_name': '04 Cream Chamois'}, {'hex_value': '#DAAD88', 'colour_name': '34 Nude Beige'}, {'hex_value': '#E1BAA3', 'colour_name': '05 Vanilla'}, {'hex_value': '#B9886E', 'colour_name': '06 Linen'}, {'hex_value': '#CE9358', 'colour_name': '35 Honeycomb'}, {'hex_value': '#F0AE96', 'colour_name': '07 Neutral'}, {'hex_value': '#D79370', 'colour_name': '09 Sand'}, {'hex_value': '#B17248', 'colour_name': '14 Wheat'}, {'hex_value': '#BB8F68', 'colour_name': '15 Golden'}, {'hex_value': '#A65E33', 'colour_name': '17 Amber'}, {'hex_value': '#975D44', 'colour_name': '18 Clove'}, {'hex_value': '#E19A7D', 'colour_name': '10 Warmer'}, {'hex_value': '#CC8C72', 'colour_name': '12 Honeyed Beige'}]"
836,clinique,Acne Solutions&trade; Liquid Makeup,28.0,$,USD,https://www.clinique.com/media/export/cms/products/181x209/clq_6WPR_181x209.png,https://www.clinique.com/product/1599/9285/makeup/foundations/acne-solutions-liquid-makeup,https://www.clinique.com,"Feels so fresh, looks so natural. Non-irritating, oil-free makeup helps blend away blemishes, neutralize redness. Medicated ingredients help treat existing breakouts and keep them from coming back.",,,foundation,[],2017-12-23T23:43:09.917Z,2017-12-23T23:43:15.129Z,http://makeup-api.herokuapp.com/api/v1/products/836.json,//s3.amazonaws.com/donovanbailey/products/api_featured_images/000/000/836/original/data?1514072595,"[{'hex_value': '#e4b393', 'colour_name': 'Fresh Fair'}, {'hex_value': '#DDC0A8', 'colour_name': 'Fresh Alabaster'}, {'hex_value': '#E4C8A7', 'colour_name': 'Fresh Ivory'}, {'hex_value': '#D8BE9F', 'colour_name': 'Fresh Neutral'}, {'hex_value': '#DAAE77', 'colour_name': 'Fresh Cream Chamois'}, {'hex_value': '#DA9767', 'colour_name': 'Fresh Porcelain Beige'}, {'hex_value': '#CB9260', 'colour_name': 'Fresh Cream Caramel'}, {'hex_value': '#BF8A6E', 'colour_name': 'Fresh Deep Neutral'}, {'hex_value': '#BB8458', 'colour_name': 'Fresh Honey'}, {'hex_value': '#BE9272', 'colour_name': 'Fresh Vanilla'}, {'hex_value': '#C59F84', 'colour_name': 'Fresh Beige'}, {'hex_value': '#B38F6B', 'colour_name': 'Fresh Sand'}, {'hex_value': '#915622', 'colour_name': 'Fresh Ginger'}, {'hex_value': '#AF7642', 'colour_name': 'Fresh Golden'}, {'hex_value': '#9b5621', 'colour_name': 'Fresh Amber'}, {'hex_value': '#714019', 'colour_name': 'Fresh Clove'}]"
837,clinique,Beyond Perfecting&trade; Powder Foundation + Concealer,28.0,$,USD,https://www.clinique.com/media/export/cms/products/181x209/clq_ZGH6AA_181x209.png,https://www.clinique.com/product/1599/37389/makeup/foundations/beyond-perfecting-powder-foundation-concealer,https://www.clinique.com,"A powder foundation and concealer in one for a natural, beyond perfected look that lasts all day. Even through sweat and humidity. Weightless powder makeup covers thoroughly without clogging pores. Skin breathes comfortably, colour stays true. Oil-free.",,,foundation,[],2017-12-23T23:43:10.659Z,2017-12-23T23:43:15.896Z,http://makeup-api.herokuapp.com/api/v1/products/837.json,//s3.amazonaws.com/donovanbailey/products/api_featured_images/000/000/837/original/open-uri20171223-4-ih6soz?1514072595,"[{'hex_value': '#F7C8B2', 'colour_name': '0.5 Breeze'}, {'hex_value': '#FBEACD', 'colour_name': '0.25 Dune'}, {'hex_value': '#e4b78e', 'colour_name': '02 Alabaster'}, {'hex_value': '#d8ac8e', 'colour_name': '04 Cream Whip'}, {'hex_value': '#C7A084', 'colour_name': '06 Ivory'}, {'hex_value': '#c79877', 'colour_name': '07 Cream Chamois'}, {'hex_value': '#d29a71', 'colour_name': '08 Golden Neutral'}, {'hex_value': '#bc8d69', 'colour_name': '09 Neutral'}, {'hex_value': '#c38f6b', 'colour_name': '11 Honey'}, {'hex_value': '#d29c6f', 'colour_name': '14 Vanilla'}, {'hex_value': '#d1976f', 'colour_name': '15 Beige'}, {'hex_value': '#ba8668', 'colour_name': '18 Sand'}, {'hex_value': '#B57956', 'colour_name': '23 Ginger'}, {'hex_value': '#a16c4e', 'colour_name': '24 Golden'}, {'hex_value': '#CB7217', 'colour_name': '26 Amber'}, {'hex_value': '#A45A12', 'colour_name': '28 Clove'}]"
838,clinique,Perfectly Real&trade; Makeup,28.0,$,USD,https://www.clinique.com/media/export/cms/products/181x209/clq_6AL9_181x209.png,https://www.clinique.com/product/1599/5238/makeup/foundations/perfectly-real-makeup,https://www.clinique.com,"Feels like nothing at all. Yet creates your skin's most perfected, natural look. Patent-pending* micro-mirrored technology optically resurfaces skin. Ultra-lightweight liquid formula is oil-free, non-acnegenic. *US and International Patents Pending",,,foundation,[],2017-12-23T23:43:11.296Z,2017-12-23T23:43:16.702Z,http://makeup-api.herokuapp.com/api/v1/products/838.json,//s3.amazonaws.com/donovanbailey/products/api_featured_images/000/000/838/original/data?1514072596,"[{'hex_value': '#F6DCCC', 'colour_name': 'Shade 01'}, {'hex_value': '#EFCAB4', 'colour_name': 'Shade 02'}, {'hex_value': '#E0B89C', 'colour_name': 'Shade 08'}, {'hex_value': '#DBAD92', 'colour_name': 'Shade 10'}, {'hex_value': '#E3B892', 'colour_name': 'Shade 12'}, {'hex_value': '#E8C0A3', 'colour_name': 'Shade 14'}, {'hex_value': '#E2B592', 'colour_name': 'Shade 18'}, {'hex_value': '#DBA788', 'colour_name': 'Shade 22'}, {'hex_value': '#DBAC78', 'colour_name': 'Shade 24'}, {'hex_value': '#E3AF8C', 'colour_name': 'Shade 28'}, {'hex_value': '#DDB68C', 'colour_name': 'Shade 30'}, {'hex_value': '#BA9765', 'colour_name': 'Shade 31'}, {'hex_value': '#D7A274', 'colour_name': 'Shade 34'}, {'hex_value': '#D2A17A', 'colour_name': 'Shade 36'}, {'hex_value': '#CE9C6A', 'colour_name': 'Shade 37'}, {'hex_value': '#B2804C', 'colour_name': 'Shade 39'}, {'hex_value': '#C98B5D', 'colour_name': 'Shade 42'}, {'hex_value': '#BA8D65', 'colour_name': 'Shade 45'}, {'hex_value': '#B37044', 'colour_name': 'Shade 46'}, {'hex_value': '#AF7642', 'colour_name': 'Shade 47'}, {'hex_value': '#824B2B', 'colour_name': 'Shade 48'}, {'hex_value': '#AD693E', 'colour_name': 'Shade 49'}]"
839,clinique,Superpowder Double Face Makeup,24.0,$,USD,https://www.clinique.com/media/export/cms/products/181x209/clq_647J_181x209.png,https://www.clinique.com/product/1599/6077/makeup/foundations/superpowder-double-face-makeup,https://www.clinique.com,"Powder and foundation combined in one portable compact. Long-wearing, full-coverage powder works as an over-foundation finisher or as a powder foundation. Extra-cling formula for double coverage.",,,foundation,[],2017-12-23T23:43:12.156Z,2017-12-23T23:43:17.377Z,http://makeup-api.herokuapp.com/api/v1/products/839.json,//s3.amazonaws.com/donovanbailey/products/api_featured_images/000/000/839/original/open-uri20171223-4-qg5dlp?1514072597,"[{'hex_value': '#F9DDD1', 'colour_name': 'Matte Bisque'}, {'hex_value': '#F9D3BE', 'colour_name': 'Matte Ivory'}, {'hex_value': '#EDC3A5', 'colour_name': 'Matte Cream'}, {'hex_value': '#CCA588', 'colour_name': 'Matte Neutral'}, {'hex_value': '#F4CBAF', 'colour_name': 'Matte Beige'}, {'hex_value': '#EFC2A2', 'colour_name': 'Matte Medium'}, {'hex_value': '#EFC8B3', 'colour_name': 'Matte Honey'}, {'hex_value': '#DBA57A', 'colour_name': 'Matte Tawny'}]"
840,clinique,Super City Block™ BB Cushion Compact Broad Spectrum SPF 50,17.5,$,USD,https://www.clinique.com/media/export/cms/products/181x209/clq_ZJE002_181x209.png,https://www.clinique.com/product/1599/40932/makeup/foundations/super-city-blocktm-bb-cushion-compact-broad-spectrum-spf-50,https://www.clinique.com,"Everything skin needs to face city life—flawlessly. Buildable, breathable fluid makeup feels cool and weightless on skin, yet delivers a lasting natural-matte finish. High-level SPF and antioxidants help protect against skin-damaging UV, impurities and environmental aggressors. All in a ready-to-go compact with puff applicator.",,,foundation,[],2017-12-23T23:43:13.073Z,2017-12-23T23:43:18.049Z,http://makeup-api.herokuapp.com/api/v1/products/840.json,//s3.amazonaws.com/donovanbailey/products/api_featured_images/000/000/840/original/open-uri20171223-4-scw918?1514072597,"[{'hex_value': '#F4C3A7', 'colour_name': '01 Fair'}, {'hex_value': '#E5B091', 'colour_name': '02 Moderately Fair'}, {'hex_value': '#DBB29C', 'colour_name': '03 Medium'}, {'hex_value': '#AA754E', 'colour_name': '04 Deep'}]"
841,clinique,Chubby in the Nude&trade; Foundation Stick,25.0,$,USD,https://www.clinique.com/media/export/cms/products/181x209/clq_ZGH001_181x209.png,https://www.clinique.com/product/1599/39658/makeup/foundations/chubby-in-the-nude-foundation-stick,https://www.clinique.com,"Portable perfection for full-face coverage, or bare-minimum touch-ups. Creamy, moisturizing foundation stick blends easily. Builds from sheer to moderate coverage with a natural finish. Long-wearing. Oil-free.",,,foundation,[],2017-12-23T23:43:13.994Z,2017-12-23T23:43:19.003Z,http://makeup-api.herokuapp.com/api/v1/products/841.json,//s3.amazonaws.com/donovanbailey/products/api_featured_images/000/000/841/original/data?1514072598,"[{'hex_value': '#8E5230', 'colour_name': '28 Curviest Clove'}, {'hex_value': '#F0C9AE', 'colour_name': '02 Abundant Alabaster'}, {'hex_value': '#E6BC9F', 'colour_name': '06 Intense Ivory'}, {'hex_value': '#DEB193', 'colour_name': '07 Capacious Chamois'}, {'hex_value': '#E2B186', 'colour_name': '08 Grandest Golden Neutral'}, {'hex_value': '#DCAB86', 'colour_name': '09 ‘Normous Neutral'}, {'hex_value': '#D6A683', 'colour_name': '14 Voluptuous Vanilla'}, {'hex_value': '#D09B73', 'colour_name': '15 Bountiful Beige'}, {'hex_value': '#B4753E', 'colour_name': '24 Gargantuan Golden'}, {'hex_value': '#995c27', 'colour_name': '26 Ample Amber'}]"
842,clinique,Perfectly Real&trade; Compact Makeup,28.0,$,USD,https://www.clinique.com/media/export/cms/products/181x209/clq_6GTY_181x209.png,https://www.clinique.com/product/1599/5273/makeup/foundations/perfectly-real-compact-makeup,https://www.clinique.com,"Silky, oil-free formula looks like your skin—only better. Optimizes skin's varying tones to create a more even appearance. Buildable coverage lasts for hours, yet feels like nothing at all. Controls shine. In a ready-to-go, ready-to-perfect compact. Oil-free.",,,foundation,[],2017-12-23T23:43:14.642Z,2017-12-23T23:43:19.524Z,http://makeup-api.herokuapp.com/api/v1/products/842.json,//s3.amazonaws.com/donovanbailey/products/api_featured_images/000/000/842/original/open-uri20171223-4-1b3ma9p?1514072599,"[{'hex_value': '#FAD4B4', 'colour_name': '104'}, {'hex_value': '#F2D0B9', 'colour_name': 'PR 106'}, {'hex_value': '#F2C9A9', 'colour_name': 'PR 114'}, {'hex_value': '#F1CBAB', 'colour_name': 'PR 108'}, {'hex_value': '#EFCAB2', 'colour_name': 'PR 110'}, {'hex_value': '#F7D6BF', 'colour_name': 'PR 102'}, {'hex_value': '#ECC6A2', 'colour_name': 'PR 116'}, {'hex_value': '#F0C5AA', 'colour_name': '118'}, {'hex_value': '#EBBF9F', 'colour_name': 'PR 120'}, {'hex_value': '#ECBD94', 'colour_name': '122'}, {'hex_value': '#E5B78B', 'colour_name': 'PR 126'}, {'hex_value': '#E9B68F', 'colour_name': 'PR 130'}, {'hex_value': '#E3AE7B', 'colour_name': 'PR 134'}, {'hex_value': '#E4AB7C', 'colour_name': '138'}, {'hex_value': '#D08F62', 'colour_name': '144'}, {'hex_value': '#BA784B', 'colour_name': '146'}]"
843,clinique,Repairwear Laser Focus&trade; All-Smooth Makeup Broad Spectrum SPF 15,36.0,$,USD,https://www.clinique.com/media/export/cms/products/181x209/clq_7C5H01_181x209.png,https://www.clinique.com/product/1599/19314/makeup/foundations/repairwear-laser-focus-all-smooth-makeup-broad-spectrum-spf-15,https://www.clinique.com,,,,foundation,[],2017-12-23T23:43:15.393Z,2017-12-23T23:43:20.134Z,http://makeup-api.herokuapp.com/api/v1/products/843.json,//s3.amazonaws.com/donovanbailey/products/api_featured_images/000/000/843/original/data?1514072600,"[{'hex_value': '#F7D6BF', 'colour_name': 'Shade 01'}, {'hex_value': '#FAD4B4', 'colour_name': 'Shade 1.5'}, {'hex_value': '#F2C9A9', 'colour_name': 'Shade 02'}, {'hex_value': '#F0C5AA', 'colour_name': 'Shade 03'}, {'hex_value': '#ECBBA0', 'colour_name': 'Shade 04'}, {'hex_value': '#E4BAA2', 'colour_name': 'Shade 05'}, {'hex_value': '#DAAF91', 'colour_name': 'Shade 06'}, {'hex_value': '#DBA987', 'colour_name': 'Shade 07'}, {'hex_value': '#E1A989', 'colour_name': 'Shade 08'}, {'hex_value': '#DBA57A', 'colour_name': 'Shade 09'}, {'hex_value': '#C98B5D', 'colour_name': 'Shade 11'}, {'hex_value': '#B4753E', 'colour_name': 'Shade 12'}]"
844,clinique,Stay-Matte Oil-Free Makeup,26.0,$,USD,https://www.clinique.com/media/export/cms/products/181x209/clq_7KXC_181x209.png,https://www.clinique.com/product/1599/21954/makeup/foundations/stay-matte-oil-free-makeup,https://www.clinique.com,"Tested for streaking and fading at 88°F with a constant 80% humidity, all to prove Stay-Matte stays fresh. At the same time, this patent-pending formula absorbs shine, controls oil, resists sweat. And you stay matte all day.",,,foundation,[],2017-12-23T23:43:16.503Z,2017-12-23T23:43:21.230Z,http://makeup-api.herokuapp.com/api/v1/products/844.json,//s3.amazonaws.com/donovanbailey/products/api_featured_images/000/000/844/original/data?1514072601,"[{'hex_value': '#F3D6BF', 'colour_name': '01 Linen'}, {'hex_value': '#F0C9AE', 'colour_name': '02 Alabaster'}, {'hex_value': '#E9BC98', 'colour_name': '04 Cream Whip'}, {'hex_value': '#F1BF9E', 'colour_name': '05 Fair'}, {'hex_value': '#E6BC9F', 'colour_name': '06 Ivory'}, {'hex_value': '#DEB193', 'colour_name': '07 Cream Chamois'}, {'hex_value': '#E2B186', 'colour_name': '08 Golden Neutral'}, {'hex_value': '#DCAB86', 'colour_name': '09 Neutral'}, {'hex_value': '#DAA878', 'colour_name': '11 Honey'}, {'hex_value': '#D6A683', 'colour_name': '14 Vanilla'}, {'hex_value': '#D09B73', 'colour_name': '15 Beige'}, {'hex_value': '#C99B71', 'colour_name': '19 Sand'}, {'hex_value': '#D28E55', 'colour_name': '20 Deep Neutral'}, {'hex_value': '#C8874E', 'colour_name': '21 Cream Caramel'}, {'hex_value': '#BE773D', 'colour_name': '23 Ginger'}, {'hex_value': '#B4753E', 'colour_name': '24 Golden'}, {'hex_value': '#AD7044', 'colour_name': '25 Spice'}, {'hex_value': '#995C27', 'colour_name': '26 Amber'}, {'hex_value': '#8E5230', 'colour_name': '28 Clove'}, {'hex_value': '#834E2E', 'colour_name': '29 Sienna'}]"
845,clinique,Redness Solutions Makeup<BR>Broad Spectrum SPF 15<BR>With Probiotic Technology,28.0,$,USD,https://www.clinique.com/media/export/cms/products/181x209/clq_70JW_181x209.png,https://www.clinique.com/product/1599/13188/makeup/foundations/redness-solutions-makeupbroad-spectrum-spf-15with-probiotic-technology,https://www.clinique.com,,,,foundation,[],2017-12-23T23:43:17.197Z,2017-12-23T23:43:21.929Z,http://makeup-api.herokuapp.com/api/v1/products/845.json,//s3.amazonaws.com/donovanbailey/products/api_featured_images/000/000/845/original/data?1514072601,"[{'hex_value': '#CD8E6B', 'colour_name': 'Calming Vanilla'}, {'hex_value': '#DC9C7A', 'colour_name': 'Calming Neutral'}, {'hex_value': '#F4BB95', 'colour_name': 'Calming Alabaster'}, {'hex_value': '#F1B08C', 'colour_name': 'Calming Fair'}, {'hex_value': '#CF906E', 'colour_name': 'Calming Honey'}, {'hex_value': '#E7A784', 'colour_name': 'Calming Ivory'}]"
846,clinique,Even Better&trade; Compact Makeup Broad Spectrum SPF 15,32.0,$,USD,https://www.clinique.com/media/export/cms/products/181x209/clq_7M81_181x209.png,https://www.clinique.com/product/1599/24867/makeup/foundations/even-better-compact-makeup-broad-spectrum-spf-15,https://www.clinique.com,"A light cream with a powdery finish, our compact makeup creates more even-toned skin, instantly. Shades for Very Fair, Moderately Fair, Medium, Deep.",,,foundation,[],2017-12-23T23:43:17.723Z,2017-12-23T23:43:22.499Z,http://makeup-api.herokuapp.com/api/v1/products/846.json,//s3.amazonaws.com/donovanbailey/products/api_featured_images/000/000/846/original/data?1514072602,"[{'hex_value': '#F3D6BF', 'colour_name': '1 Linen'}, {'hex_value': '#F0C9AE', 'colour_name': '2 Alabaster'}, {'hex_value': '#E9BC98', 'colour_name': '4 Creamwhip'}, {'hex_value': '#F1BF9E', 'colour_name': '5 Fair'}, {'hex_value': '#E6BC9F', 'colour_name': '6 Ivory'}, {'hex_value': '#DEB193', 'colour_name': '7 Cream Chamois'}, {'hex_value': '#E2B186', 'colour_name': '8 Golden Neutral'}, {'hex_value': '#DCAB86', 'colour_name': '9 Neutral'}, {'hex_value': '#DAA878', 'colour_name': '11 Honey'}, {'hex_value': '#D7A581', 'colour_name': '12 Porcelain Beige'}, {'hex_value': '#D6A683', 'colour_name': '14 Vanilla'}, {'hex_value': '#D09B73', 'colour_name': '15 Beige'}, {'hex_value': '#C99B71', 'colour_name': '18 Sand'}, {'hex_value': '#D28E55', 'colour_name': '20 Deep Neutral'}, {'hex_value': '#C8874E', 'colour_name': '21 Cream Caramel'}, {'hex_value': '#BE773D', 'colour_name': '23 Ginger'}, {'hex_value': '#B4753E', 'colour_name': '24 Golden'}, {'hex_value': '#995C27', 'colour_name': '26 Amber'}, {'hex_value': '#8E5230', 'colour_name': '28 Clove'}, {'hex_value': '#834E2E', 'colour_name': '29 Sienna'}]"
